STATION ID	STATION NAME	CLASS	AGGECOREGION	DRAIN_SQKM	HUC02	LAT_GAGE	LONG_GAGE	STATE	ACTIVE09	FLOWYRS_1900_2009	FLOWYRS_1950_2009	FLOWYRS_1990_2009
1013500	Fish River near Fort Kent, Maine	Ref	NorthEast	2252.696	1	47.23739444	-68.58264167	ME	yes	85	60	20
1022500	Narraguagus River at Cherryfield, Maine	Ref	NorthEast	573.6006	1	44.60797222	-67.93524167	ME	yes	61	60	20
1030500	Mattawamkeag River near Mattawamkeag, Maine	Ref	NorthEast	3676.172	1	45.500975	-68.30595556	ME	yes	75	60	20
1031500	Piscataquis River near Dover-Foxcroft, Maine	Ref	NorthEast	769.0482	1	45.17500833	-69.31469722	ME	yes	107	60	20
1047000	Carrabassett River near North Anson, Maine	Ref	NorthEast	909.0972	1	44.8692	-69.95510278	ME	yes	88	60	20
1052500	Diamond River near Wentworth Location, NH	Ref	NorthEast	383.8234	1	44.87739444	-71.05749444	NH	yes	68	60	20
1054200	Wild River at Gilead, Maine	Ref	NorthEast	180.981	1	44.39044444	-70.97964444	ME	yes	45	45	20
1055000	Swift River near Roxbury, Maine	Ref	NorthEast	250.641	1	44.64274722	-70.58878333	ME	yes	80	60	20
1057000	Little Androscoggin River near South Paris, Maine	Ref	NorthEast	190.9188	1	44.30399167	-70.53968056	ME	yes	88	60	20
1073000	OYSTER RIVER NEAR DURHAM, NH	Ref	NorthEast	31.2984	1	43.14869556	-70.96506028	NH	yes	74	60	20
1078000	SMITH RIVER NEAR BRISTOL, NH	Ref	NorthEast	222.4566	1	43.56646306	-71.7478569	NH	yes	91	60	20
1117468	BEAVER RIVER NEAR USQUEPAUG, RI	Ref	NorthEast	25.3413	1	41.49260028	-71.6281194	RI	yes	34	34	20
1118300	PENDLETON HILL BROOK NEAR CLARKS FALLS, CT.	Ref	NorthEast	10.3644	1	41.47482139	-71.8342372	CT	yes	51	51	20
1121000	MOUNT HOPE RIVER NEAR WARRENVILLE, CT.	Ref	NorthEast	70.25372	1	41.84370889	-72.1689661	CT	yes	69	60	20
1123000	LITTLE RIVER NEAR HANOVER, CT.	Ref	NorthEast	77.85271	1	41.671765	-72.052298	CT	yes	58	58	20
1134500	MOOSE RIVER AT VICTORY, VT	Ref	NorthEast	195.1299	1	44.51172311	-71.8373143	VT	yes	62	60	20
1137500	AMMONOOSUC RIVER AT BETHLEHEM JUNCTION, NH	Ref	NorthEast	228.5543	1	44.2686741	-71.63036172	NH	yes	70	60	20
1139000	WELLS RIVER AT WELLS RIVER, VT	Ref	NorthEast	246.3333	1	44.15034134	-72.06509154	VT	yes	69	60	20
1139800	EAST ORANGE BRANCH AT EAST ORANGE, VT	Ref	NorthEast	22.7997	1	44.09284191	-72.33565327	VT	yes	51	51	20
1142500	AYERS BROOK AT RANDOLPH, VT	Ref	NorthEast	82.16668	1	43.93450969	-72.65788214	VT	yes	69	59	20
1144000	WHITE RIVER AT WEST HARTFORD, VT	Ref	NorthEast	1790.244	1	43.7142361	-72.41814889	VT	yes	93	60	20
1150900	OTTAUQUECHEE RIVER NEAR WEST BRIDGEWATER, VT	Ref	NorthEast	61.1667	1	43.62229069	-72.7589899	VT	yes	25	25	20
1162500	PRIEST BROOK NEAR WINCHENDON, MA	Ref	NorthEast	49.70559	1	42.6825859	-72.1150812	MA	yes	90	60	20
1169000	NORTH RIVER AT SHATTUCKVILLE, MA	Ref	NorthEast	230.6412	1	42.63841778	-72.7250922	MA	yes	69	60	20
1170100	GREEN RIVER NEAR COLRAIN, MA	Ref	NorthEast	106.9924	1	42.70341694	-72.6706475	MA	yes	42	42	20
1181000	WEST BRANCH WESTFIELD RIVER AT HUNTINGTON, MA	Ref	NorthEast	243.495	1	42.23731167	-72.8956542	MA	yes	74	60	20
1187300	HUBBARD RIVER NR. WEST HARTLAND, CT.	Ref	NorthEast	53.919	1	42.03731639	-72.9389911	MA	yes	70	59	20
1195100	INDIAN RIVER NEAR CLINTON, CT.	Ref	NorthEast	14.8383	1	41.3059325	-72.53120139	CT	yes	27	27	20
1208990	SAUGATUCK RIVER NEAR REDDING, CT.	Ref	NorthEast	53.77249	1	41.29454	-73.39512028	CT	yes	45	45	20
1333000	GREEN RIVER AT WILLIAMSTOWN, MA	Ref	NorthEast	112.1643	2	42.70896944	-73.196773	MA	yes	60	60	20
1350000	SCHOHARIE CREEK AT PRATTSVILLE NY	Ref	NorthEast	612.5148	2	42.31952821	-74.43653726	NY	yes	102	60	20
1350080	MANOR KILL AT WEST CONESVILLE NEAR GILBOA NY	Ref	NorthEast	83.8404	2	42.3770259	-74.4129244	NY	yes	23	23	20
1350140	MINE KILL NEAR NORTH BLENHEIM NY	Ref	NorthEast	43.7598	2	42.42896817	-74.47292501	NY	yes	34	34	20
1362200	ESOPUS CREEK AT ALLABEN NY	Ref	NorthEast	169.1902	2	42.1170341	-74.38014921	NY	yes	46	46	20
1365000	RONDOUT CREEK NEAR LOWES CORNERS NY	Ref	NorthEast	99.5688	2	41.86648184	-74.48710014	NY	yes	72	60	20
1411300	TUCKAHOE RIVER AT HEAD OF RIVER NJ	Ref	SECstPlain	79.3179	2	39.30694444	-74.8205556	NJ	yes	39	39	20
1413500	EAST BR DELAWARE R AT MARGARETVILLE NY	Ref	NorthEast	424.1025	2	42.14481017	-74.65348886	NY	yes	72	60	20
1414500	MILL BROOK NEAR DUNRAVEN NY	Ref	NorthEast	64.4517	2	42.10619915	-74.7304349	NY	yes	72	60	20
1415000	TREMPER KILL NEAR ANDES NY	Ref	NorthEast	85.6287	2	42.1200874	-74.81849264	NY	yes	72	60	20
1423000	WEST BRANCH DELAWARE RIVER AT WALTON NY	Ref	NorthEast	859.6809	2	42.16619633	-75.13989107	NY	yes	59	59	20
1434025	BISCUIT BK ABOVE PIGEON BK AT FROST VALLEY NY	Ref	NorthEast	9.7002	2	41.99537004	-74.50098708	NY	yes	26	26	20
1435000	NEVERSINK RIVER NEAR CLARYVILLE NY	Ref	NorthEast	172.458	2	41.89009153	-74.58987933	NY	yes	68	58	20
1439500	Bush Kill at Shoemakers, PA	Ref	NorthEast	305.8776	2	41.08815078	-75.03767469	PA	yes	101	60	20
1440000	FLAT BROOK NEAR FLATBROOKVILLE NJ	Ref	NorthEast	167.7204	2	41.10666667	-74.9522222	NJ	yes	86	60	20
1440400	Brodhead Creek near Analomink, PA	Ref	NorthEast	175.2084	2	41.08481482	-75.21462514	PA	yes	52	52	20
1451800	Jordan Creek near Schnecksville, PA	Ref	EastHghlnds	135.8448	2	40.66176219	-75.626854	PA	yes	43	43	20
1466500	MCDONALDS BRANCH IN LEBANON STATE FOREST NJ	Ref	SECstPlain	5.376711	2	39.885	-74.50527778	NJ	yes	56	56	20
1484100	BEAVERDAM BRANCH AT HOUSTON, DE	Ref	SECstPlain	9.004751	2	38.90577778	-75.51275	DE	yes	51	51	20
1485500	NASSAWANGO CREEK NEAR SNOW HILL, MD	Ref	SECstPlain	141.5394	2	38.22891667	-75.47144444	MD	yes	59	59	20
1486000	MANOKIN BRANCH NEAR PRINCESS ANNE, MD	Ref	SECstPlain	11.1807	2	38.21388889	-75.67138889	MD	yes	55	55	20
1487000	NANTICOKE RIVER NEAR BRIDGEVILLE, DE	Ref	SECstPlain	187.4102	2	38.72833333	-75.56186111	DE	yes	66	60	20
1491000	CHOPTANK RIVER NEAR GREENSBORO, MD	Ref	SECstPlain	292.0401	2	38.99719444	-75.78580556	MD	yes	61	60	20
1510000	OTSELIC RIVER AT CINCINNATUS NY	Ref	NorthEast	382.986	2	42.54118127	-75.8996425	NY	yes	66	55	20
1516500	Corey Creek near Mainesburg, PA	Ref	NorthEast	31.4838	2	41.79090746	-77.01468773	PA	yes	55	55	20
1518862	Cowanesque River at Westfield, PA	Ref	NorthEast	233.9109	2	41.92312576	-77.53192977	PA	yes	26	26	20
1532000	Towanda Creek near Monroeton, PA	Ref	NorthEast	553.941	2	41.7070195	-76.48466538	PA	yes	95	60	20
1539000	Fishing Creek near Bloomsburg, PA	Ref	EastHghlnds	701.7795	2	41.07814118	-76.43105551	PA	yes	71	60	20
1542810	Waldy Run near Emporium, PA	Ref	NorthEast	13.6242	2	41.57895225	-78.29251214	PA	yes	45	45	20
1543000	Driftwood Br Sinnemahoning Cr at Sterling Run, PA	Ref	NorthEast	705.4974	2	41.41339593	-78.19695238	PA	yes	96	60	20
1543500	Sinnemahoning Creek at Sinnemahoning, PA	Ref	NorthEast	1778.258	2	41.31728467	-78.10305957	PA	yes	71	60	20
1544500	Kettle Creek at Cross Fork, PA	Ref	NorthEast	355.0644	2	41.4758994	-77.82582513	PA	yes	69	60	20
1545600	Young Womans Creek near Renovo, PA	Ref	NorthEast	119.9975	2	41.38951168	-77.6908191	PA	yes	44	44	20
1547700	Marsh Creek at Blanchard, PA	Ref	EastHghlnds	113.5386	2	41.05950916	-77.60582641	PA	yes	54	54	20
1548500	Pine Creek at Cedar Run, PA	Ref	NorthEast	1557.047	2	41.52173586	-77.44747983	PA	yes	91	60	20
1549500	Blockhouse Creek near English Center, PA	Ref	NorthEast	97.4853	2	41.47368336	-77.23080907	PA	yes	69	60	20
1550000	Lycoming Creek near Trout Run, PA	Ref	NorthEast	452.6757	2	41.41840957	-77.03274598	PA	yes	95	60	20
1552000	Loyalsock Creek at Loyalsockville, PA	Ref	NorthEast	1129.486	2	41.32507836	-76.91246379	PA	yes	83	59	20
1552500	Muncy Creek near Sonestown, PA	Ref	NorthEast	60.6384	2	41.35702418	-76.53467084	PA	yes	69	60	20
1557500	Bald Eagle Creek at Tyrone, PA	Ref	EastHghlnds	115.2963	2	40.68367333	-78.23362439	PA	yes	65	60	20
1564500	Aughwick Creek near Three Springs, PA	Ref	EastHghlnds	445.5612	2	40.21258144	-77.92527644	PA	yes	71	60	20
1567500	Bixler Run near Loysville, PA	Ref	EastHghlnds	38.7729	2	40.37091615	-77.40220903	PA	yes	55	55	20
1568000	Sherman Creek at Shermans Dale, PA	Ref	EastHghlnds	534.3948	2	40.32341928	-77.16887034	PA	yes	80	60	20
1580000	DEER CREEK AT ROCKS, MD	Ref	SEPlains	244.3698	2	39.62997222	-76.40330556	MD	yes	83	60	20
1583500	WESTERN RUN AT WESTERN RUN, MD	Ref	SEPlains	155.8494	2	39.51077778	-76.6765	MD	yes	65	60	20
1586610	MORGAN RUN NEAR LOUISVILLE, MD	Ref	SEPlains	72.7047	2	39.45188889	-76.95530556	MD	yes	27	27	20
1591400	CATTAIL CREEK NEAR GLENWOOD, MD	Ref	SEPlains	59.094	2	39.25597222	-77.05105556	MD	yes	31	31	20
1594950	MCMILLAN F NEAR FORT PENDLETON, MD	Ref	EastHghlnds	6.1182	02	39.27669	-79.39031	MD	yes	23	23	20
1596500	SAVAGE RIVER NEAR BARTON, MD	Ref	EastHghlnds	124.6505	2	39.57005556	-79.10194444	MD	yes	61	60	20
1605500	SOUTH BRANCH POTOMAC RIVER AT FRANKLIN, WV	Ref	EastHghlnds	463.8492	2	38.63567247	-79.33781993	WV	yes	62	53	20
1606500	SO. BRANCH POTOMAC RIVER NR PETERSBURG, WV	Ref	EastHghlnds	1684.547	2	38.99122107	-79.17587059	WV	yes	81	60	20
1613050	Tonoloway Creek near Needmore, PA	Ref	EastHghlnds	27.8982	2	39.89842119	-78.13222904	PA	yes	42	42	20
1620500	NORTH RIVER NEAR STOKESVILLE, VA	Ref	EastHghlnds	44.74026	2	38.33762566	-79.24003625	VA	yes	63	60	20
1632000	N F SHENANDOAH RIVER AT COOTES STORE, VA	Ref	EastHghlnds	543.357	2	38.63706254	-78.852803	VA	yes	84	60	20
1632900	SMITH CREEK NEAR NEW MARKET, VA	Ref	EastHghlnds	245.0484	2	38.69345016	-78.64279353	VA	yes	49	49	20
1634500	CEDAR CREEK NEAR WINCHESTER, VA	Ref	EastHghlnds	263.9817	2	39.08121763	-78.32944861	VA	yes	72	60	20
1638480	CATOCTIN CREEK AT TAYLORSTOWN, VA	Ref	SEPlains	231.9951	2	39.25454651	-77.57637775	VA	yes	38	38	20
1639500	BIG PIPE CREEK AT BRUCEVILLE, MD	Ref	SEPlains	267.1785	2	39.61236111	-77.23744444	MD	yes	62	60	20
1644000	GOOSE CREEK NEAR LEESBURG, VA	Ref	SEPlains	859.1698	2	39.01955309	-77.57749181	VA	yes	81	60	20
1658500	S F QUANTICO CREEK NEAR INDEPENDENT HILL, VA	Ref	SEPlains	19.34224	2	38.5873427	-77.4285958	VA	yes	58	58	20
1664000	RAPPAHANNOCK RIVER AT REMINGTON, VA	Ref	SEPlains	1605.101	2	38.53067996	-77.81360454	VA	yes	67	60	20
1666500	ROBINSON RIVER NEAR LOCUST DALE, VA	Ref	SEPlains	463.1463	2	38.32513047	-78.0955557	VA	yes	66	60	20
1667500	RAPIDAN RIVER NEAR CULPEPER, VA	Ref	SEPlains	1209.747	2	38.35040774	-77.97499722	VA	yes	79	60	20
1669000	PISCATAWAY CREEK NEAR TAPPAHANNOCK, VA	Ref	SEPlains	71.84071	2	37.87708193	-76.90052102	VA	yes	58	58	20
1669520	DRAGON SWAMP AT MASCOT, VA	Ref	SEPlains	277.3854	2	37.63375293	-76.69634683	VA	yes	28	28	20
2011400	JACKSON RIVER NEAR BACOVA, VA	Ref	EastHghlnds	407.7162	2	38.04234707	-79.88144394	VA	yes	35	35	20
2011460	BACK CREEK NEAR SUNRISE, VA	Ref	EastHghlnds	156.3408	2	38.24540129	-79.76866328	VA	yes	35	35	20
2013000	DUNLAP CREEK NEAR COVINGTON, VA	Ref	EastHghlnds	424.7766	2	37.80290223	-80.04700431	VA	yes	81	60	20
2014000	POTTS CREEK NEAR COVINGTON, VA	Ref	EastHghlnds	396.783	2	37.72901408	-80.04228024	VA	yes	72	51	20
2015700	BULLPASTURE RIVER AT WILLIAMSVILLE, VA	Ref	EastHghlnds	285.4062	2	38.19540308	-79.57032338	VA	yes	49	49	20
2016000	COWPASTURE RIVER NEAR CLIFTON FORGE, VA	Ref	EastHghlnds	1194.551	2	37.79179587	-79.75949166	VA	yes	84	60	20
2017500	JOHNS CREEK AT NEW CASTLE, VA	Ref	EastHghlnds	276.1497	2	37.50623973	-80.10671504	VA	yes	83	60	20
2018000	CRAIG CREEK AT PARR, VA	Ref	EastHghlnds	852.3431	2	37.66596174	-79.91143881	VA	yes	84	60	20
2027000	TYE RIVER NEAR LOVINGSTON, VA	Ref	EastHghlnds	240.7671	2	37.71541868	-78.98169097	VA	yes	71	60	20
2027500	PINEY RIVER AT PINEY RIVER, VA	Ref	EastHghlnds	123.3423	2	37.70236251	-79.02752541	VA	yes	60	60	20
2028500	ROCKFISH RIVER NEAR GREENFIELD, VA	Ref	EastHghlnds	245.4534	2	37.86958499	-78.82335431	VA	yes	66	60	20
2038850	HOLIDAY CREEK NEAR ANDERSONVILLE, VA	Ref	SEPlains	22.00359	2	37.41542434	-78.63583923	VA	yes	43	43	20
2046000	STONY CREEK NEAR DINWIDDIE, VA	Ref	SEPlains	288.5238	3	37.06709421	-77.602489	VA	yes	63	60	20
2051000	NORTH MEHERRIN RIVER NEAR LUNENBURG, VA	Ref	SEPlains	144.8227	3	36.99737383	-78.34971815	VA	yes	62	59	20
2051500	MEHERRIN RIVER NEAR LAWRENCEVILLE, VA	Ref	SEPlains	1428.706	3	36.71681395	-77.83165822	VA	yes	80	60	20
2053200	POTECASI CREEK NEAR UNION, NC	Ref	SECstPlain	583.6599	3	36.37083333	-77.02555556	NC	yes	51	51	20
2053800	S F ROANOKE RIVER NEAR SHAWSVILLE, VA	Ref	EastHghlnds	280.7226	3	37.14013231	-80.26643281	VA	yes	49	49	20
2055100	TINKER CREEK NEAR DALEVILLE, VA	Ref	EastHghlnds	30.5352	3	37.41763318	-79.93531928	VA	yes	53	53	20
2056900	BLACKWATER RIVER NEAR ROCKY MOUNT, VA	Ref	SEPlains	298.1079	3	37.0451406	-79.8441993	VA	yes	33	33	20
2059500	GOOSE CREEK NEAR HUDDLESTON, VA	Ref	SEPlains	485.4078	3	37.17319951	-79.5203076	VA	yes	79	60	20
2064000	FALLING RIVER NEAR NARUNA, VA	Ref	SEPlains	427.7682	3	37.12680956	-78.95973745	VA	yes	73	60	20
2065500	CUB CREEK AT PHENIX, VA	Ref	SEPlains	252.5787	3	37.07931121	-78.76361777	VA	yes	63	60	20
2069700	SOUTH MAYO RIVER NEAR NETTLERIDGE, VA	Ref	SEPlains	221.1336	3	36.57097103	-80.12949277	VA	yes	47	47	20
2070000	NORTH MAYO RIVER NEAR SPENCER, VA	Ref	SEPlains	270.6084	3	36.56819358	-79.98726539	VA	yes	80	60	20
2074500	SANDY RIVER NEAR DANVILLE, VA	Ref	SEPlains	288.531	3	36.61958252	-79.50419322	VA	yes	80	60	20
2077200	HYCO CREEK NEAR LEASBURG, NC	Ref	SEPlains	121.6944	3	36.39777778	-79.19666667	NC	yes	45	45	20
2081500	TAR RIVER NEAR TAR RIVER, NC	Ref	SEPlains	428.3661	3	36.19416667	-78.58305556	NC	yes	70	60	20
2082950	LITTLE FISHING CREEK NEAR WHITE OAK, NC	Ref	SEPlains	460.8531	3	36.18333333	-77.87611111	NC	yes	50	50	20
2084557	VAN SWAMP NEAR HOKE, NC	Ref	SECstPlain	56.13005	3	35.73083333	-76.74611111	NC	yes	32	32	20
2092500	TRENT RIVER NEAR TRENTON, NC	Ref	SECstPlain	447.5751	3	35.06416667	-77.46138889	NC	yes	58	58	20
2102908	FLAT CREEK NEAR INVERNESS, NC	Ref	SEPlains	19.7253	3	35.18277778	-79.1775	NC	yes	41	41	20
2108000	NORTHEAST CAPE FEAR RIVER NEAR CHINQUAPIN, NC	Ref	SEPlains	1569.485	3	34.82888889	-77.83222222	NC	yes	69	60	20
2110500	WACCAMAW RIVER NEAR LONGS, SC	Ref	SECstPlain	2908.315	3	33.9126719	-78.71501746	SC	yes	59	59	20
2111180	ELK CREEK AT ELKVILLE, NC	Ref	EastHghlnds	131.4666	3	36.07138889	-81.40305556	NC	yes	44	44	20
2111500	REDDIES RIVER AT NORTH WILKESBORO, NC	Ref	EastHghlnds	233.6607	3	36.175	-81.16888889	NC	yes	70	60	20
2112120	ROARING RIVER NEAR ROARING RIVER, NC	Ref	EastHghlnds	322.2684	3	36.25027778	-81.04444444	NC	yes	45	45	20
2112360	MITCHELL RIVER NEAR STATE ROAD, NC	Ref	SEPlains	205.2963	3	36.31138889	-80.80722222	NC	yes	45	45	20
2118500	HUNTING CREEK NEAR HARMONY, NC	Ref	SEPlains	400.527	3	36.00055556	-80.74555556	NC	yes	58	58	20
2125000	BIG BEAR CR NR RICHFIELD, NC	Ref	SEPlains	144.5499	3	35.33472222	-80.33555556	NC	yes	55	55	20
2128000	LITTLE RIVER NEAR STAR, NC	Ref	SEPlains	273.4758	3	35.38722222	-79.83138889	NC	yes	55	55	20
2137727	CATAWBA R NR PLEASANT GARDENS, NC	Ref	EastHghlnds	329.544	3	35.68583333	-82.06027778	NC	yes	29	29	20
2140991	JOHNS RIVER AT ARNEYS STORE, NC	Ref	EastHghlnds	521.9865	3	35.83361111	-81.71194444	NC	yes	24	24	20
2143000	HENRY FORK NEAR HENRY RIVER, NC	Ref	EastHghlnds	216.6723	3	35.68444444	-81.40333333	NC	yes	73	60	20
2143040	JACOB FORK AT RAMSEY, NC	Ref	EastHghlnds	66.48413	3	35.59068629	-81.56703706	NC	yes	48	48	20
2149000	COVE CREEK NEAR LAKE LURE, NC	Ref	EastHghlnds	203.8527	3	35.42345364	-82.11149778	NC	yes	58	58	20
2152100	FIRST BROAD RIVER NEAR CASAR, NC	Ref	EastHghlnds	154.9944	3	35.49305556	-81.68222222	NC	yes	50	50	20
2177000	CHATTOOGA RIVER NEAR CLAYTON, GA	Ref	EastHghlnds	526.7736	3	34.81398141	-83.30599301	GA	yes	70	60	20
2178400	TALLULAH RIVER NEAR CLAYTON, GA	Ref	EastHghlnds	151.2753	3	34.89037075	-83.53044102	GA	yes	45	45	20
2193340	KETTLE CREEK NEAR WASHINGTON, GA	Ref	SEPlains	87.8733	3	33.68262815	-82.857923	GA	yes	23	23	20
2196000	STEVENS CREEK NEAR MODOC, SC	Ref	SEPlains	1408.382	3	33.72929717	-82.18178732	SC	yes	64	54	20
2198100	BEAVERDAM CREEK NEAR SARDIS, GA	Ref	SEPlains	79.49071	3	32.93765809	-81.8153916	GA	yes	23	23	20
2202600	BLACK CREEK NEAR BLITCHTON, GA	Ref	SECstPlain	590.472	3	32.16798033	-81.48816698	GA	yes	29	29	20
2212600	FALLING CREEK NEAR JULIETTE, GA	Ref	SEPlains	187.9614	3	33.0998535	-83.72351041	GA	yes	45	45	20
2215100	TUCSAWHATCHEE CREEK NEAR HAWKINSVILLE, GA	Ref	SEPlains	420.2923	3	32.23944444	-83.50166667	GA	yes	23	23	20
2216180	TURNPIKE CREEK NEAR MCRAE, GA	Ref	SEPlains	129.111	3	31.99138889	-82.92194444	GA	yes	26	26	20
2221525	MURDER CREEK BELOW EATONTON, GA	Ref	SEPlains	490.7976	3	33.25235506	-83.48127624	GA	yes	32	32	20
2231000	ST. MARYS RIVER NR MACCLENNY, FLA.	Ref	SECstPlain	1748.368	3	30.35884726	-82.08150134	FL	yes	83	60	20
2231342	FT DRUM CREEK AT SUNSHINE ST PKY NEAR FT DRUM, FL	Ref	SECstPlain	111.5622	03	27.5686473	-80.7961709	FL	yes	32	32	20
2235200	BLACKWATER CREEK NEAR CASSIA, FL	Ref	SECstPlain	297.6956	3	28.87453056	-81.48938333	FL	yes	26	26	20
2236500	BIG CREEK NEAR CLERMONT, FL	Ref	SECstPlain	146.8755	03	28.44778229	-81.74007599	FL	yes	51	51	20
2245500	SOUTH FORK BLACK CREEK NR PENNEY FARMS, FLA.	Ref	SECstPlain	348.4345	3	29.97940752	-81.85204256	FL	yes	70	60	20
2246000	NORTH FORK BLACK CREEK NR MIDDLEBURG, FLA.	Ref	SECstPlain	451.0611	3	30.11329532	-81.9064915	FL	yes	78	60	20
2296500	CHARLIE CREEK NEAR GARDNER FL	Ref	SECstPlain	886.3965	3	27.37504297	-81.79647082	FL	yes	59	59	20
2297155	HORSE CREEK NEAR MYAKKA HEAD FL	Ref	SECstPlain	93.6036	3	27.48726132	-82.02341972	FL	yes	32	32	20
2297310	HORSE CREEK NEAR ARCADIA FL	Ref	SECstPlain	528.3765	3	27.19949477	-81.98841931	FL	yes	59	59	20
2298123	PRAIRIE CREEK NEAR FORT OGDEN FL	Ref	SECstPlain	540.6534	3	27.05199986	-81.78452667	FL	yes	37	37	20
2298608	MYAKKA RIVER AT MYAKKA CITY FL	Ref	SECstPlain	312.3423	3	27.34365621	-82.15675562	FL	yes	35	35	20
2299950	MANATEE RIVER NEAR MYAKKA HEAD FL	Ref	SECstPlain	174.2715	3	27.47365137	-82.21120106	FL	yes	43	43	20
2300700	BULLFROG CREEK NEAR WIMAUMA FL	Ref	SECstPlain	73.84104	3	27.79197208	-82.35203685	FL	yes	34	34	20
2310947	WITHLACOOCHEE RIVER NEAR CUMPRESSCO, FLA.	Ref	SECstPlain	649.5634	3	28.31195156	-82.05591468	FL	yes	42	42	20
2312200	LITTLE WITHLACOOCHEE RIVER AT RERDELL, FLA.	Ref	SECstPlain	413.4789	3	28.57277286	-82.15536307	FL	yes	51	51	20
2314500	SUWANNEE RIVER AT US 441, AT FARGO, GA	Ref	SECstPlain	3322.154	3	30.68055556	-82.56055556	GA	yes	76	60	20
2315500	SUWANNEE RIVER AT WHITE SPRINGS, FLA.	Ref	SECstPlain	6136.255	3	30.32578122	-82.73818263	FL	yes	84	60	20
2324000	STEINHATCHEE RIVER NEAR CROSS CITY, FLA.	Ref	SECstPlain	791.0239	3	29.78661294	-83.32152625	FL	yes	59	59	20
2324400	FENHOLLOWAY RIVER NEAR FOLEY, FLA.	Ref	SECstPlain	176.2654	3	30.09827057	-83.47181116	FL	yes	54	54	20
2327100	SOPCHOPPY RIVER NR SOPCHOPPY, FLA.	Ref	SECstPlain	271.1182	3	30.12936856	-84.49434823	FL	yes	45	45	20
2342933	SOUTH FORK COWIKEE CREEK NEAR BATESVILLE AL	Ref	SEPlains	290.0952	3	32.01765721	-85.29577044	AL	yes	43	43	20
2349900	TURKEY CREEK AT BYROMVILLE, GA	Ref	SEPlains	122.8673	3	32.19555556	-83.90222222	GA	yes	51	51	20
2350900	KINCHAFOONEE CREEK NEAR DAWSON, GA	Ref	SEPlains	1365.12	3	31.76444444	-84.25333333	GA	yes	24	24	20
2361000	CHOCTAWHATCHEE RIVER NEAR NEWTON, AL.	Ref	SEPlains	1781.611	3	31.34294923	-85.61049115	AL	yes	79	60	20
2363000	PEA RIVER NEAR ARITON AL	Ref	SEPlains	1292.513	3	31.59488716	-85.78299751	AL	yes	54	43	20
2369800	BLACKWATER RIVER NEAR BRADLEY AL	Ref	SEPlains	227.5129	3	31.02767985	-86.70995668	AL	yes	42	42	20
2371500	CONECUH RIVER AT BRANTLEY AL	Ref	SEPlains	1292.785	3	31.57349458	-86.25162264	AL	yes	72	60	20
2372250	PATSALIGA CREEK NEAR BRANTLEY AL	Ref	SEPlains	1145.223	3	31.59627177	-86.40551809	AL	yes	35	35	20
2374500	MURDER CREEK NEAR EVERGREEN AL	Ref	SEPlains	445.7151	3	31.41850006	-86.9866403	AL	yes	72	60	20
2381600	FAUSETT CREEK NEAR TALKING ROCK, GA	Ref	EastHghlnds	10.3248	3	34.57036618	-84.46881552	GA	yes	35	35	20
2384540	MILL CREEK NEAR CRANDALL, GA	Ref	EastHghlnds	21.3714	3	34.87202382	-84.72132621	GA	yes	24	24	20
2395120	TWO RUN CREEK NEAR KINGSTON, GA	Ref	EastHghlnds	84.0105	3	34.24277778	-84.88972222	GA	yes	29	29	20
2408540	HATCHET CREEK BELOW ROCKFORD AL	Ref	SEPlains	682.4097	3	32.91678962	-86.27025073	AL	yes	29	29	20
2415000	HILLABEE CREEK NEAR HACKNEYVILLE AL	Ref	SEPlains	491.3829	3	33.0667867	-85.87912978	AL	yes	42	42	20
2422500	MULBERRY CREEK AT JONES AL	Ref	SEPlains	527.5476	3	32.58291031	-86.90359911	AL	yes	67	56	20
2430085	RED BUD CREEK NR MOORES MILL, MS	Ref	SEPlains	40.5621	3	34.46666667	-88.28361111	MS	yes	34	34	20
2430615	MUD CREEK NR FAIRVIEW, MS	Ref	SEPlains	28.7145	3	34.3925	-88.355	MS	yes	34	34	20
2450250	SIPSEY FORK NEAR GRAYSON AL	Ref	EastHghlnds	231.8252	3	34.28537757	-87.39890838	AL	yes	43	43	20
2464000	NORTH RIVER NEAR SAMANTHA AL	Ref	EastHghlnds	578.9448	3	33.47928058	-87.5972297	AL	yes	56	46	20
2464146	TURKEY CREEK NEAR TUSCALOOSA	Ref	EastHghlnds	15.8229	3	33.41344824	-87.5105601	AL	yes	26	26	20
2464360	BINION CREEK BELOW GIN CREEK NEAR SAMANTHA AL	Ref	SEPlains	148.6152	3	33.42483704	-87.6425091	AL	yes	23	23	20
2465493	ELLIOTTS CREEK AT MOUNDVILLE AL	Ref	SEPlains	83.4174	3	32.99734636	-87.62222952	AL	yes	33	33	20
2469800	SATILPA CREEK NEAR COFFEEVILLE AL	Ref	SEPlains	422.6814	3	31.74432473	-88.02250658	AL	yes	49	49	20
2472000	LEAF RIVER NR COLLINS, MS	Ref	SEPlains	1927.134	3	31.70694444	-89.40694444	MS	yes	71	60	20
2472500	BOUIE CREEK NR HATTIESBURG, MS	Ref	SEPlains	789.9363	3	31.42583333	-89.41472222	MS	yes	71	60	20
2479155	CYPRESS CREEK NR JANICE, MS	Ref	SEPlains	137.2806	3	31.02527778	-89.01666667	MS	yes	43	43	20
2479300	RED CREEK AT VESTRY, MS	Ref	SEPlains	1144.201	3	30.73611111	-88.78111111	MS	yes	48	48	20
2479560	ESCATAWPA RIVER NEAR AGRICOLA MS	Ref	SEPlains	1454.328	3	30.80907749	-88.45862738	MS	yes	36	36	20
2481000	BILOXI RIVER AT WORTHAM, MS	Ref	SEPlains	249.2316	3	30.5586111	-89.1219444	MS	yes	57	57	20
2481510	WOLF RIVER NR LANDON, MS	Ref	SEPlains	800.6598	3	30.48361111	-89.27444444	MS	yes	38	38	20
3010655	Oswayo Creek at Shinglehouse, PA	Ref	NorthEast	254.4417	5	41.96173237	-78.19806624	PA	yes	35	35	20
3011800	Kinzua Creek near Guffey, PA	Ref	NorthEast	100.0953	5	41.76645099	-78.71863999	PA	yes	44	44	20
3015500	Brokenstraw Creek at Youngsville, PA	Ref	NorthEast	784.8513	5	41.85255871	-79.31727083	PA	yes	100	60	20
3021350	French Creek near Wattsburg, PA	Ref	NorthEast	239.6691	5	42.01533201	-79.78255074	PA	yes	35	35	20
3026500	Sevenmile Run near Rasselas, PA	Ref	NorthEast	20.3058	5	41.63117349	-78.57668985	PA	yes	57	57	20
3028000	West Branch Clarion River at Wilcox, PA	Ref	NorthEast	161.1102	5	41.57533955	-78.69224919	PA	yes	56	56	20
3049000	Buffalo Creek near Freeport, PA	Ref	EastHghlnds	357.1533	5	40.71589833	-79.6994935	PA	yes	69	60	20
3049800	Little Pine Creek near Etna, PA	Ref	EastHghlnds	14.8878	5	40.5203462	-79.93810799	PA	yes	47	47	20
3050000	TYGART VALLEY RIVER NEAR DAILEY, WV	Ref	EastHghlnds	487.287	5	38.809275	-79.8817342	WV	yes	81	47	20
3066000	BLACKWATER R AT DAVIS, WV	Ref	EastHghlnds	222.7851	5	39.12705242	-79.46838516	WV	yes	88	60	20
3069500	CHEAT RIVER NEAR PARSONS, WV	Ref	EastHghlnds	1856.853	5	39.12288353	-79.68117409	WV	yes	96	60	20
3070500	BIG SANDY CREEK AT ROCKVILLE, WV	Ref	EastHghlnds	517.3794	5	39.61563755	-79.70477427	WV	yes	96	60	20
3076600	BEAR CREEK AT FRIENDSVILLE, MD	Ref	EastHghlnds	127.3991	5	39.65613889	-79.39411111	MD	yes	45	45	20
3078000	CASSELMAN RIVER AT GRANTSVILLE, MD	Ref	EastHghlnds	161.4825	5	39.70219444	-79.13638889	MD	yes	62	60	20
3140000	Mill Creek near Coshocton OH	Ref	EastHghlnds	70.3458	5	40.36284598	-81.86235635	OH	yes	72	60	20
3144000	Wakatomika Creek near Frazeysburg OH	Ref	EastHghlnds	363.4146	5	40.13256823	-82.14792013	OH	yes	73	60	20
3159540	Shade River near Chester OH	Ref	EastHghlnds	400.851	5	39.06368935	-81.88180237	OH	yes	43	43	20
3161000	SOUTH FORK NEW RIVER NEAR JEFFERSON, NC	Ref	EastHghlnds	527.8624	5	36.39333333	-81.40694444	NC	yes	82	59	20
3164000	NEW RIVER NEAR GALAX, VA	Ref	EastHghlnds	2952.736	5	36.64734972	-80.978969	VA	yes	80	60	20
3165000	CHESTNUT CREEK AT GALAX, VA	Ref	EastHghlnds	101.9961	5	36.64596133	-80.91924444	VA	yes	65	60	20
3170000	LITTLE RIVER AT GRAYSONTOWN, VA	Ref	EastHghlnds	794.6403	5	37.03762635	-80.55672394	VA	yes	81	60	20
3173000	WALKER CREEK AT BANE, VA	Ref	EastHghlnds	773.3151	5	37.26817845	-80.70951247	VA	yes	71	60	20
3180500	GREENBRIER RIVER AT DURBIN, WV	Ref	EastHghlnds	345.0564	5	38.54372659	-79.83311495	WV	yes	66	60	20
3182500	GREENBRIER RIVER AT BUCKEYE, WV	Ref	EastHghlnds	1364.974	5	38.18595326	-80.13062254	WV	yes	80	60	20
3186500	WILLIAMS RIVER AT DYER, WV	Ref	EastHghlnds	329.6805	5	38.37899915	-80.48397372	WV	yes	80	60	20
3187500	CRANBERRY RIVER NEAR RICHWOOD, WV	Ref	EastHghlnds	207.415	5	38.29539032	-80.52647493	WV	yes	50	45	20
3213700	TUG FORK AT WILLIAMSON, WV	Ref	EastHghlnds	2425.06	5	37.67315699	-82.28014077	KY	yes	42	42	20
3237280	Upper Twin Creek at McGaw OH	Ref	EastHghlnds	32.9542	5	38.64368745	-83.21573648	OH	yes	46	46	20
3237500	Ohio Brush Creek near West Union OH	Ref	CntlPlains	1003.208	5	38.80368382	-83.42102265	OH	yes	78	60	20
3238500	White Oak Creek near Georgetown OH	Ref	CntlPlains	568.5038	5	38.85812494	-83.92853941	OH	yes	81	60	20
3241500	Massies Creek at Wilberforce OH	Ref	CntlPlains	170.9145	5	39.72283771	-83.88270656	OH	yes	57	57	20
3280700	CUTSHIN CREEK AT WOOTON, KY	Ref	EastHghlnds	158.2227	5	37.16509314	-83.30795645	KY	yes	52	52	20
3281100	GOOSE CREEK AT MANCHESTER, KY	Ref	EastHghlnds	422.7237	5	37.15203405	-83.7601974	KY	yes	45	45	20
3281500	SOUTH FORK KENTUCKY RIVER AT BOONEVILLE, KY	Ref	EastHghlnds	1838.22	5	37.47981018	-83.67519226	KY	yes	76	60	20
3285000	DIX RIVER NEAR DANVILLE, KY	Ref	SEPlains	822.3408	5	37.64202341	-84.66077678	KY	yes	67	60	20
3291780	INDIAN-KENTUCK CREEK NR CANAAN, IND.	Ref	CntlPlains	71.4105	5	38.8781136	-85.25717882	IN	yes	40	40	20
3300400	BEECH FORK AT MAUD, KY	Ref	SEPlains	1128.578	5	37.83283985	-85.29606856	KY	yes	37	37	20
3340800	BIG RACCOON CREEK NEAR FINCASTLE IND	Ref	CntlPlains	357.6537	5	39.81254461	-86.95389884	IN	yes	52	52	20
3346000	NORTH FORK EMBARRAS RIVER NEAR OBLONG, IL	Ref	SEPlains	814.6935	5	39.01004218	-87.9455882	IL	yes	69	60	20
3357350	PLUM CREEK NEAR BAINBRIDGE, IND.	Ref	CntlPlains	7.7535	5	39.76171297	-86.72945046	IN	yes	40	40	20
3364500	CLIFTY CREEK AT HARTSVILLE, IN	Ref	CntlPlains	237.0879	5	39.27477321	-85.70164687	IN	yes	61	60	20
3366500	MUSCATATUCK RIVER NEAR DEPUTY, IN	Ref	CntlPlains	755.2151	5	38.80422346	-85.67385502	IN	yes	61	60	20
3368000	BRUSH CREEK NEAR NEBRASKA, IN	Ref	CntlPlains	29.7216	5	39.07033129	-85.48607656	IN	yes	54	54	20
3384450	LUSK CREEK NEAR EDDYVILLE, IL	Ref	SEPlains	111.1266	5	37.4722725	-88.54726928	IL	yes	42	42	20
3439000	FRENCH BROAD RIVER AT ROSMAN, NC	Ref	EastHghlnds	178.6674	6	35.14333333	-82.82472222	NC	yes	75	60	20
3450000	BEETREE CREEK NEAR SWANNANOA, NC	Ref	EastHghlnds	14.0805	6	35.65305556	-82.40527778	NC	yes	75	52	20
3455500	W F PIGEON R ABOVE LAKE LOGAN NR HAZELWOOD, NC	Ref	EastHghlnds	72.9522	6	35.39611111	-82.9375	NC	yes	55	55	20
3456500	EAST FORK PIGEON RIVER NEAR CANTON, NC	Ref	EastHghlnds	133.4268	6	35.46166667	-82.86972222	NC	yes	55	55	20
3460000	CATALOOCHEE CREEK NEAR CATALOOCHEE, NC	Ref	EastHghlnds	127.019	6	35.6675	-83.07361111	NC	yes	65	50	20
3463300	SOUTH TOE RIVER NEAR CELO, NC	Ref	EastHghlnds	112.1589	6	35.83150735	-82.18428691	NC	yes	52	52	20
3471500	S F HOLSTON RIVER AT RIVERSIDE NR CHILHOWIE, VA	Ref	EastHghlnds	198.1611	6	36.76039313	-81.63122929	VA	yes	78	60	20
3473000	S F HOLSTON RIVER NEAR DAMASCUS, VA	Ref	EastHghlnds	784.8126	6	36.65178127	-81.84401023	VA	yes	78	60	20
3479000	WATAUGA RIVER NEAR SUGAR GROVE, NC	Ref	EastHghlnds	235.6011	6	36.23916667	-81.82222222	NC	yes	69	60	20
3488000	N F HOLSTON RIVER NEAR SALTVILLE, VA	Ref	EastHghlnds	578.206	6	36.89678115	-81.74622934	VA	yes	90	60	20
3498500	LITTLE RIVER NEAR MARYVILLE, TN	Ref	EastHghlnds	696.7582	6	35.78562063	-83.88460359	TN	yes	58	58	20
3500000	LITTLE TENNESSEE RIVER NEAR PRENTISS, NC	Ref	EastHghlnds	361.1439	6	35.15	-83.37972222	NC	yes	65	60	20
3500240	CARTOOGECHAYE CREEK NEAR FRANKLIN, NC	Ref	EastHghlnds	145.8639	6	35.15888889	-83.39416667	NC	yes	48	48	20
3504000	NANTAHALA RIVER NEAR RAINBOW SPRINGS, NC	Ref	EastHghlnds	134.5167	6	35.1275	-83.61861111	NC	yes	69	60	20
3574500	PAINT ROCK RIVER NEAR WOODVILLE AL	Ref	EastHghlnds	813.8025	6	34.62425473	-86.30637373	AL	yes	73	60	20
3592718	LITTLE YELLOW CREEK EAST NR BURNSVILLE, MS	Ref	SEPlains	66.9897	6	34.83555556	-88.28805556	MS	yes	36	36	20
3604000	BUFFALO RIVER NEAR FLAT WOODS, TN	Ref	SEPlains	1163.026	6	35.49590598	-87.83280366	TN	yes	89	60	20
4015330	KNIFE RIVER NEAR TWO HARBORS, MN	Ref	MxWdShld	224.3547	4	46.94688005	-91.79240133	MN	yes	35	35	20
4024430	NEMADJI RIVER NEAR SOUTH SUPERIOR, WI	Ref	MxWdShld	1091.25	4	46.63327388	-92.09408026	WI	yes	35	35	20
4027000	BAD RIVER NEAR ODANAH, WI	Ref	MxWdShld	1619.847	4	46.48661442	-90.69629696	WI	yes	69	60	20
4040500	STURGEON RIVER NEAR SIDNAW, MI	Ref	MxWdShld	419.8266	4	46.58410589	-88.57596973	MI	yes	66	60	20
4043050	TRAP ROCK RIVER NEAR LAKE LINDEN, MI	Ref	MxWdShld	76.6224	4	47.22853637	-88.38539282	MI	yes	43	43	20
4045500	TAHQUAMENON RIVER NEAR PARADISE, MI	Ref	MxWdShld	1909.592	4	46.57501478	-85.26955476	MI	yes	56	56	20
4056500	MANISTIQUE RIVER NEAR MANISTIQUE, MI	Ref	MxWdShld	2945.888	4	46.03052857	-86.16124902	MI	yes	71	60	20
4057510	STURGEON RIVER NEAR NAHMA JUNCTION, MI	Ref	MxWdShld	473.5728	4	45.94302355	-86.70569966	MI	yes	43	43	20
4057800	MIDDLE BRANCH ESCANABA RIVER AT HUMBOLDT, MI	Ref	MxWdShld	115.8705	4	46.49910267	-87.88652383	MI	yes	50	50	20
4059500	FORD RIVER NEAR HYDE, MI	Ref	MxWdShld	1184.366	4	45.75552297	-87.2015238	MI	yes	55	55	20
4063700	POPPLE RIVER NEAR FENCE, WI	Ref	MxWdShld	362.5712	4	45.7635697	-88.4631785	WI	yes	46	46	20
4074950	WOLF RIVER AT LANGLADE, WI	Ref	MxWdShld	1205.531	4	45.18997026	-88.73343978	WI	yes	42	42	20
4105700	AUGUSTA CREEK NEAR AUGUSTA, MI	Ref	CntlPlains	98.0415	4	42.35337341	-85.35388936	MI	yes	45	45	20
4115265	FISH CREEK NEAR CRYSTAL, MI	Ref	CntlPlains	95.77711	4	43.2497545	-84.9811245	MI	yes	22	22	20
4122200	WHITE RIVER NEAR WHITEHALL, MI	Ref	CntlPlains	1048.284	4	43.46417856	-86.23256675	MI	yes	52	52	20
4122500	PERE MARQUETTE RIVER AT SCOTTVILLE, MI	Ref	CntlPlains	1769.188	4	43.94500632	-86.2786896	MI	yes	70	60	20
4124000	MANISTEE RIVER NEAR SHERMAN, MI	Ref	MxWdShld	2243.628	4	44.43639239	-85.69867924	MI	yes	87	60	20
4127918	PINE RIVER NEAR RUDYARD, MI	Ref	MxWdShld	548.2863	4	46.18585053	-84.59782625	MI	yes	37	37	20
4127997	STURGEON RIVER AT WOLVERINE, MI	Ref	MxWdShld	487.1601	4	45.27445746	-84.60003148	MI	yes	67	60	20
4161580	STONY CREEK NEAR ROMEO, MI	Ref	CntlPlains	64.3104	4	42.8008637	-83.0902121	MI	yes	45	45	20
4185000	Tiffin River at Stryker OH	Ref	CntlPlains	1064.001	4	41.50449567	-84.42967186	OH	yes	76	60	20
4196800	Tymochtee Creek at Crawford OH	Ref	CntlPlains	608.067	4	40.92283322	-83.34881158	OH	yes	45	45	20
4197100	Honey Creek at Melmore OH	Ref	CntlPlains	388.2105	4	41.022278	-83.10963818	OH	yes	33	33	20
4197170	Rock Creek at Tiffin OH	Ref	CntlPlains	95.20831	4	41.11366592	-83.16825212	OH	yes	26	26	20
4213000	Conneaut Creek at Conneaut OH	Ref	NorthEast	455.2974	4	41.92699898	-80.60396593	OH	yes	72	59	20
4213075	Brandy Run near Girard, PA	Ref	NorthEast	11.6514	4	41.9920003	-80.2911737	PA	yes	23	23	20
4216418	TONAWANDA CREEK AT ATTICA NY	Ref	NorthEast	196.4727	4	42.86394893	-78.28362793	NY	yes	32	32	20
4221000	GENESEE RIVER AT WELLSVILLE NY	Ref	NorthEast	750.879	4	42.12229032	-77.95722459	NY	yes	40	40	20
4224775	CANASERAGA CREEK ABOVE DANSVILLE NY	Ref	NorthEast	231.8445	4	42.5356226	-77.70416132	NY	yes	35	35	20
4233000	CAYUGA INLET NEAR ITHACA NY	Ref	NorthEast	91.8999	4	42.3931287	-76.5449429	NY	yes	72	60	20
4256000	INDEPENDENCE RIVER AT DONNATTSBURG NY	Ref	NorthEast	232.4457	4	43.74729136	-75.33434745	NY	yes	67	60	20
4296000	BLACK RIVER AT COVENTRY, VT	Ref	NorthEast	302.1894	1	44.86893639	-72.2701042	VT	yes	58	58	20
5056000	SHEYENNE RIVER NR WARWICK, ND	Ref	CntlPlains	4862.024	9	47.80555344	-98.71621718	ND	yes	60	60	20
5057000	SHEYENNE RIVER NR COOPERSTOWN, ND	Ref	CntlPlains	7582.457	9	47.43277097	-98.02759541	ND	yes	65	60	20
5057200	BALDHILL CREEK NR DAZEY, ND	Ref	CntlPlains	1897.332	9	47.22915623	-98.12481891	ND	yes	53	53	20
5062500	WILD RICE RIVER AT TWIN VALLEY, MN	Ref	CntlPlains	2407.047	9	47.26662917	-96.24478028	MN	yes	81	54	20
5087500	MIDDLE RIVER AT ARGYLE, MN	Ref	CntlPlains	600.8184	9	48.34108857	-96.81811688	MN	yes	58	58	20
5120500	WINTERING RIVER NR KARLSRUHE, ND	Ref	CntlPlains	1509.827	9	48.13833739	-100.53986229	ND	yes	72	60	20
5123400	WILLOW CREEK NR WILLOW CITY, ND	Ref	CntlPlains	3206.101	9	48.58888752	-100.44207866	ND	yes	53	53	20
5129115	VERMILION RIVER NR CRANE LAKE, MN	Ref	MxWdShld	2357.585	9	48.26462833	-92.56599361	MN	yes	30	30	20
5131500	LITTLE FORK RIVER AT LITTLEFORK, MN	Ref	MxWdShld	4383.507	9	48.39577639	-93.54932667	MN	yes	86	60	20
5291000	WHETSTONE RIVER NEAR BIG STONE CITY, SD	Ref	CntlPlains	1046.776	7	45.29163167	-96.48755694	SD	yes	78	60	20
5362000	JUMP RIVER AT SHELDON, WI	Ref	MxWdShld	1477.292	7	45.30802638	-90.95652506	WI	yes	94	60	20
5393500	SPIRIT RIVER AT SPIRIT FALLS, WI	Ref	MxWdShld	220.4352	7	45.44913202	-89.97931083	WI	yes	67	60	20
5399500	BIG EAU PLEINE RIVER AT STRATFORD, WI	Ref	CntlPlains	576.3033	7	44.82190984	-90.07957543	WI	yes	83	60	20
5408000	KICKAPOO RIVER AT LA FARGE, WI	Ref	CntlPlains	689.3334	7	43.57414037	-90.64318611	WI	yes	71	60	20
5412500	Turkey River at Garber, IA	Ref	CntlPlains	3858.214	7	42.73998843	-91.26179908	IA	yes	89	60	20
5413500	GRANT RIVER AT BURTON, WI	Ref	CntlPlains	695.3256	7	42.72027114	-90.81929352	WI	yes	75	60	20
5414000	PLATTE RIVER NEAR ROCKVILLE, WI	Ref	CntlPlains	370.7901	7	42.73110419	-90.64040529	WI	yes	75	60	20
5444000	ELKHORN CREEK NEAR PENROSE, IL	Ref	CntlPlains	376.3512	7	41.90280739	-89.69622298	IL	yes	70	60	20
5454000	Rapid Creek near Iowa City, IA	Ref	CntlPlains	65.3814	7	41.70001652	-91.48766843	IA	yes	72	60	20
5458000	Little Cedar River near Ionia, IA	Ref	CntlPlains	776.7648	7	43.03328014	-92.50354351	IA	yes	55	55	20
5466500	EDWARDS RIVER NEAR NEW BOSTON, IL	Ref	CntlPlains	1151.567	7	41.18697738	-90.96736632	IL	yes	75	60	20
5487980	White Breast Creek near Dallas, IA	Ref	CntlPlains	882.7254	7	41.24688494	-93.26606966	IA	yes	47	47	20
5488200	English Creek near Knoxville, IA	Ref	CntlPlains	234.2088	7	41.30055336	-93.04548051	IA	yes	24	24	20
5489000	Cedar Creek near Bussey, IA	Ref	CntlPlains	964.7559	7	41.21900212	-92.90853319	IA	yes	62	60	20
5495000	Fox River at Wayland, MO	Ref	CntlPlains	1027.552	7	40.39240833	-91.597875	MO	yes	87	60	20
5495500	BEAR CREEK NEAR MARCELLINE, IL	Ref	CntlPlains	905.5557	7	40.14282371	-91.33737008	IL	yes	65	60	20
5501000	North River at Palmyra, MO	Ref	SEPlains	922.8276	7	39.81799167	-91.5177	MO	yes	74	60	20
5503800	Crooked Creek near Paris, MO	Ref	CntlPlains	212.6412	7	39.58482778	-91.99348889	MO	yes	30	30	20
5507600	Lick Creek at Perry, MO	Ref	CntlPlains	275.3757	7	39.43142963	-91.67627075	MO	yes	30	30	20
5508805	Spencer Cr. bl Plum Cr. nr Frankford, MO	Ref	CntlPlains	536.4018	7	39.52046389	-91.34275	MO	yes	31	31	20
5514500	CUIVRE RIVER NEAR TROY, MO	Ref	CntlPlains	2407.411	7	39.00880278	-90.97753611	MO	yes	79	52	20
5525500	SUGAR CREEK AT MILFORD, IL	Ref	CntlPlains	1158.759	7	40.6300362	-87.72391809	IL	yes	61	60	20
5556500	BIG BUREAU CREEK AT PRINCETON, IL	Ref	CntlPlains	505.0946	7	41.36586984	-89.49842655	IL	yes	73	60	20
5584500	LA MOINE RIVER AT COLMAR, IL	Ref	CntlPlains	1695.671	7	40.33032166	-90.89624511	IL	yes	65	60	20
5585000	LA MOINE RIVER AT RIPLEY, IL	Ref	CntlPlains	3354.608	7	40.02477041	-90.63179466	IL	yes	88	60	20
5591550	WHITLEY CREEK NEAR ALLENVILLE, IL	Ref	CntlPlains	96.20551	7	39.50670031	-88.52755468	IL	yes	29	29	20
5592050	ROBINSON CREEK NEAR SHELBYVILLE, IL	Ref	CntlPlains	254.1213	7	39.40587344	-88.89646283	IL	yes	30	30	20
5593575	LITTLE CROOKED CREEK NEAR NEW MINDEN, IL	Ref	SEPlains	217.6731	7	38.44171643	-89.41675104	IL	yes	42	42	20
5593900	EAST FORK SHOAL CREEK NEAR COFFEEN, IL	Ref	SEPlains	145.4472	7	39.14893485	-89.35230484	IL	yes	46	46	20
5595730	RAYSE CREEK NEAR WALTONVILLE, IL	Ref	SEPlains	236.7603	7	38.25393889	-89.03979328	IL	yes	30	30	20
6037500	Madison River near West Yellowstone MT	Ref	WestMnts	1126.247	10U	44.6568722	-111.0682742	MT	yes	82	48	20
6043500	Gallatin River near Gallatin Gateway MT	Ref	WestMnts	2120.42	10U	45.4974286	-111.2705108	MT	yes	74	55	20
6154410	Little Peoples Creek near Hays MT	Ref	WestMnts	33.4053	10U	47.9661044	-108.6607103	MT	yes	37	37	20
6188000	LAMAR RIVER NR TOWER FALLS RANGER STATION, YNP	Ref	WestMnts	1730.28	10U	44.92771567	-110.39380987	WY	yes	67	41	20
6191000	Gardner River near Mammoth YNP	Ref	WestMnts	513.8847	10U	44.99243556	-110.6913211	MT	yes	59	48	20
6191500	Yellowstone River at Corwin Springs MT	Ref	WestMnts	6783.593	10U	45.1118797	-110.7943814	MT	yes	99	60	20
6221400	DINWOODY CREEK ABOVE LAKES, NEAR BURRIS, WYO.	Ref	WestMnts	227.8809	10U	43.34551138	-109.41014306	WY	yes	42	42	20
6224000	BULL LAKE CREEK ABOVE BULL LAKE, WY	Ref	WestMnts	484.8579	10U	43.17690132	-109.20291088	WY	yes	55	47	20
6278300	SHELL CREEK ABOVE SHELL CREEK RESERVOIR, WY	Ref	WestMnts	58.851	10U	44.50801953	-107.40368855	WY	yes	53	53	20
6280300	SOUTH FORK SHOSHONE RIVER NEAR VALLEY, WY	Ref	WestMnts	793.953	10U	44.20828238	-109.55488792	WY	yes	52	52	20
6289000	Little Bighorn River at State Line nr Wyola MT	Ref	WestMnts	471.2687	10U	45.0069097	-107.6150953	MT	yes	70	60	20
6291500	Lodge Grass Cr ab Willow C Div nr Wyola MT	Ref	WestPlains	217.9557	10U	45.12644468	-107.60054476	MT	yes	62	52	20
6309200	MIDDLE FORK POWDER RIVER NEAR BARNUM, WY	Ref	WestXeric	117.5427	10U	43.57773999	-107.13839954	WY	yes	48	48	20
6311000	NORTH FORK POWDER RIVER NEAR HAZELTON, WY	Ref	WestMnts	61.2315	10U	44.02774228	-107.08089545	WY	yes	63	60	20
6332515	BEAR DEN CREEK NR MANDAREE, ND	Ref	WestPlains	191.4867	10U	47.78723694	-102.76852559	ND	yes	43	43	20
6339100	KNIFE RIVER AT MANNING, ND	Ref	WestPlains	529.1415	10U	47.23612594	-102.76990736	ND	yes	42	42	20
6339500	KNIFE RIVER NR GOLDEN VALLEY, ND	Ref	WestPlains	3171.457	10U	47.15445301	-102.05989206	ND	yes	83	60	20
6344600	GREEN RIVER NR NEW HRADEC, ND	Ref	WestPlains	402.4971	10U	47.02779158	-103.05323554	ND	yes	45	45	20
6350000	CANNONBALL RIVER AT REGENT, ND	Ref	WestPlains	1501.049	10U	46.42667116	-102.55183031	ND	yes	59	59	20
6352000	CEDAR CREEK NR HAYNES, ND	Ref	WestPlains	1441.832	10U	46.15417025	-102.47404668	ND	yes	59	59	20
6353000	CEDAR CREEK NR RALEIGH, ND	Ref	WestPlains	4526.511	10U	46.09166988	-101.333742	ND	yes	47	47	20
6354000	CANNONBALL RIVER AT BREIEN, ND	Ref	WestPlains	10598.19	10U	46.37611111	-100.93444444	ND	yes	75	60	20
6360500	MOREAU R NEAR WHITEHORSE SD	Ref	WestPlains	12654.96	10U	45.25581712	-100.8429214	SD	yes	55	55	20
6404000	BATTLE CR NEAR KEYSTONE SD	Ref	WestMnts	151.8273	10U	43.87248893	-103.33657785	SD	yes	49	48	20
6406000	BATTLE CR AT HERMOSA SD	Ref	WestMnts	436.3389	10U	43.82804586	-103.19602112	SD	yes	60	60	20
6408700	RHOADS FORK NEAR ROCHFORD SD	Ref	WestMnts	20.7954	10U	44.13664933	-103.8585355	SD	yes	27	27	20
6409000	CASTLE CR ABOVE DEERFIELD RES NEAR HILL CITY SD	Ref	WestMnts	205.3285	10U	44.01359238	-103.83047842	SD	yes	61	60	20
6422500	BOXELDER CR NEAR NEMO SD	Ref	WestMnts	243.9207	10U	44.14387557	-103.45491071	SD	yes	44	43	20
6431500	SPEARFISH CR AT SPEARFISH SD	Ref	WestMnts	427.1049	10U	44.48248388	-103.86159204	SD	yes	63	60	20
6441500	BAD R NEAR FORT PIERRE SD	Ref	WestPlains	8152.545	10U	44.32664897	-100.3843003	SD	yes	81	60	20
6447000	WHITE R NEAR KADOKA SD	Ref	WestPlains	12849.71	10U	43.75249491	-101.5248665	SD	yes	67	60	20
6447500	LITTLE WHITE R NEAR MARTIN SD	Ref	WestPlains	826.6077	10U	43.16666553	-101.63014889	SD	yes	49	47	20
6450500	LITTLE WHITE R BELOW WHITE RIVER SD	Ref	WestPlains	4111.272	10U	43.60138549	-100.74986078	SD	yes	60	60	20
6452000	WHITE R NEAR OACOMA SD	Ref	WestPlains	25791.04	10U	43.74832745	-99.5564948	SD	yes	81	60	20
6453600	PONCA CREEK AT VERDEL, NEBR.	Ref	WestPlains	2101.42	10L	42.81099444	-98.17585833	NE	yes	52	52	20
6464500	KEYA PAHA R AT WEWELA SD	Ref	WestPlains	2914.043	10L	43.02889277	-99.78067095	SD	yes	64	60	20
6468170	JAMES RIVER NR GRACE CITY, ND	Ref	CntlPlains	2809.098	10U	47.5580525	-98.862885	ND	yes	41	41	20
6468250	JAMES RIVER ABOVE ARROWWOOD LAKE NR KENSAL, ND	Ref	CntlPlains	3242.608	10U	47.39971891	-98.79760572	ND	yes	24	24	20
6470800	BEAR CREEK NR OAKES, ND	Ref	CntlPlains	1071.145	10U	46.22524393	-98.0717676	ND	yes	33	33	20
6477500	FIRESTEEL CR NEAR MOUNT VERNON SD	Ref	CntlPlains	1512.444	10U	43.7764	-98.24567222	SD	yes	54	54	20
6479215	BIG SIOUX RIVER NR FLORENCE SD	Ref	CntlPlains	175.2822	10L	45.18079549	-97.1861904	SD	yes	25	25	20
6479438	BIG SIOUX R NEAR WATERTOWN SD	Ref	CntlPlains	951.9129	10L	45.0060753	-97.1650756	SD	yes	37	37	20
6601000	OMAHA CR AT HOMER, NEBR	Ref	CntlPlains	450.1989	10L	42.32158056	-96.48768333	NE	yes	64	60	20
6614800	MICHIGAN RIVER NEAR CAMERON PASS, CO.	Ref	WestMnts	4.0284	10L	40.49609409	-105.86501195	CO	yes	36	36	20
6622700	NORTH BRUSH CREEK NEAR SARATOGA, WY	Ref	WestMnts	98.703	10L	41.37024471	-106.52058146	WY	yes	49	49	20
6632400	ROCK CREEK AB KING CANYON CANAL, NR ARLINGTON, WY	Ref	WestMnts	162.9855	10L	41.58524549	-106.22279085	WY	yes	55	55	20
6746095	JOE WRIGHT CREEK ABOVE JOE WRIGHT RESERVOIR, CO.	Ref	WestMnts	8.9046	10L	40.53998222	-105.88278996	CO	yes	31	31	20
6775500	MIDDLE LOUP RIVER AT DUNNING, NEBR.	Ref	WestPlains	5459.764	10L	41.83124444	-100.10077778	NE	yes	64	60	20
6784000	SOUTH LOUP R AT ST. MICHAEL, NEBR.	Ref	WestPlains	6019.745	10L	41.03244444	-98.74053333	NE	yes	66	60	20
6803510	LITTLE SALT CREEK NEAR LINCOLN, NEBR.	Ref	CntlPlains	113.2785	10L	40.89311389	-96.68155278	NE	yes	40	40	20
6803530	ROCK CREEK NEAR CERESCO, NEBR.	Ref	CntlPlains	309.7458	10L	41.01569722	-96.54428333	NE	yes	39	39	20
6814000	TURKEY C NR SENECA, KS	Ref	CntlPlains	713.826	10L	39.94777732	-96.10861492	KS	yes	60	60	20
6846500	BEAVER C AT CEDAR BLUFFS, KS	Ref	WestPlains	4357.758	10L	39.98500557	-100.56014801	KS	yes	63	60	20
6847900	PRAIRIE DOG C AB KEITH SEBELIUS LAKE, KS	Ref	WestPlains	1536.188	10L	39.76984922	-100.10077916	KS	yes	47	47	20
6853800	WHITE ROCK C NR BURR OAK, KS	Ref	WestPlains	589.4253	10L	39.89924944	-98.25042485	KS	yes	52	52	20
6876700	SALT C NR ADA, KS	Ref	WestPlains	1056.442	10L	39.13906876	-97.83695994	KS	yes	50	50	20
6878000	CHAPMAN C NR CHAPMAN, KS	Ref	WestPlains	776.4183	10L	39.031109	-97.0402922	KS	yes	55	55	20
6879650	KINGS C NR MANHATTAN, KS	Ref	WestPlains	11.5065	10L	39.10194797	-96.59521413	KS	yes	30	30	20
6885500	BLACK VERMILLION R NR FRANKFORT, KS	Ref	CntlPlains	1062.869	10L	39.68192405	-96.44289431	KS	yes	56	56	20
6888500	MILL C NR PAXICO, KS	Ref	WestPlains	842.346	10L	39.06265453	-96.15025179	KS	yes	55	55	20
6889200	SOLDIER C NR DELIA, KS	Ref	CntlPlains	385.6599	10L	39.23833024	-95.88859924	KS	yes	51	51	20
6889500	SOLDIER C NR TOPEKA, KS	Ref	CntlPlains	748.5822	10L	39.09938003	-95.72495226	KS	yes	77	60	20
6892000	STRANGER C NR TONGANOXIE, KS	Ref	CntlPlains	1092.723	10L	39.11632734	-95.01088111	KS	yes	80	60	20
6903400	Chariton River near Chariton, IA	Ref	CntlPlains	481.4154	10L	40.95189005	-93.25984769	IA	yes	44	44	20
6906800	Lamine River near Otterville, MO	Ref	EastHghlnds	1414.753	10L	38.70225	-92.9788333	MO	yes	22	22	20
6910800	MARAIS DES CYGNES R NR READING, KS	Ref	CntlPlains	444.5973	10L	38.56700524	-95.96163206	KS	yes	40	40	20
6911900	DRAGOON C NR BURLINGAME, KS	Ref	CntlPlains	293.0553	10L	38.71069034	-95.8360288	KS	yes	49	49	20
6917000	L OSAGE R AT FULTON, KS	Ref	CntlPlains	765.7839	10L	38.01896828	-94.71366829	KS	yes	60	60	20
6918460	Turnback Creek above Greenfield, MO	Ref	EastHghlnds	650.6892	10L	37.40236944	-93.80202778	MO	yes	44	44	20
6919500	Cedar Creek near Pleasant View, MO	Ref	CntlPlains	1069.424	10L	37.83420277	-93.87549183	MO	yes	64	60	20
6921070	Pomme de Terre River near Polk, MO	Ref	EastHghlnds	712.586	10L	37.68265278	-93.37033333	MO	yes	41	41	20
6921200	Lindley Creek near Polk, MO	Ref	EastHghlnds	323.6193	10L	37.75046667	-93.26618333	MO	yes	52	52	20
6934000	Gasconade River near Rich Fountain, MO	Ref	EastHghlnds	8264.9	10L	38.38880833	-91.81988889	MO	yes	60	33	20
7014500	Meramec River near Sullivan, MO	Ref	EastHghlnds	3845.5	7	38.15853056	-91.10845833	MO	yes	78	60	20
7056000	Buffalo River near St. Joe, AR	Ref	EastHghlnds	2149.364	11	35.983175	-92.74755278	AR	yes	70	60	20
7057500	North Fork River near Tecumseh, MO	Ref	EastHghlnds	1456.436	11	36.62303333	-92.248125	MO	yes	65	60	20
7060710	North Sylamore Creek near Fifty Six, AR	Ref	EastHghlnds	150.0277	11	35.99535053	-92.21265464	AR	yes	43	43	20
7066000	Jacks Fork at Eminence, MO	Ref	EastHghlnds	1053.496	11	37.15408056	-91.35816111	MO	yes	87	60	20
7067000	Current River at Van Buren, MO	Ref	EastHghlnds	4349.011	11	36.99137778	-91.01351111	MO	yes	88	60	20
7068000	Current River at Doniphan, MO	Ref	EastHghlnds	5318.585	11	36.62200294	-90.84762251	MO	yes	88	60	20
7071500	Eleven Point River near Bardley, MO	Ref	EastHghlnds	2023.769	11	36.64868056	-91.20081944	MO	yes	88	60	20
7083000	HALFMOON CREEK NEAR MALTA, CO.	Ref	WestMnts	60.76139	11	39.17221259	-106.3891926	CO	yes	63	60	20
7105945	ROCK CREEK ABOVE FORT CARSON RESERVATION, CO.	Ref	WestMnts	17.4771	11	38.70749302	-104.84664026	CO	yes	31	31	20
7142300	RATTLESNAKE C NR MACKSVILLE, KS	Ref	WestPlains	1819.941	11	37.87159374	-98.8761373	KS	yes	50	50	20
7144780	NF NINNESCAH R AB CHENEY RE, KS	Ref	WestPlains	2078.906	11	37.86260737	-98.01385325	KS	yes	44	44	20
7145700	SLATE C AT WELLINGTON, KS	Ref	WestPlains	399.8106	11	37.2495504	-97.40389581	KS	yes	40	40	20
7148400	Salt Fork Arkansas River nr Alva, OK	Ref	WestPlains	2544.504	11	36.81503056	-98.6481394	OK	yes	43	32	20
7149000	MEDICINE LODGE R NR KIOWA, KS	Ref	WestPlains	2291.199	11	37.03920157	-98.47021478	KS	yes	63	52	20
7151500	CHIKASKIA R NR CORBIN, KS	Ref	WestPlains	2108.996	11	37.12891226	-97.60143889	KS	yes	49	49	20
7167500	OTTER C AT CLIMAX, KS	Ref	WestPlains	319.6179	11	37.70820958	-96.22360237	KS	yes	63	60	20
7180500	CEDAR C NR CEDAR POINT, KS	Ref	WestPlains	275.5053	11	38.19645062	-96.82457873	KS	yes	71	60	20
7184000	LIGHTNING C NR MCCUNE, KS	Ref	CntlPlains	510.8391	11	37.28125445	-95.03266782	KS	yes	58	50	20
7195800	Flint Creek at Springtown, AR	Ref	EastHghlnds	38.2347	11	36.25548056	-94.43394167	AR	yes	48	48	20
7196900	Baron Fork at Dutch Mills, AR	Ref	EastHghlnds	106.3521	11	35.88008235	-94.48660625	AR	yes	51	51	20
7197000	Baron Fork at Eldon, OK	Ref	EastHghlnds	808.4485	11	35.92120028	-94.8385633	OK	yes	61	60	20
7208500	RAYADO CREEK NEAR CIMARRON, NM	Ref	WestMnts	159.2235	11	36.37225823	-104.97000256	NM	yes	82	60	20
7226500	UTE CREEK NEAR LOGAN, NM	Ref	WestPlains	5242.753	11	35.43838224	-103.52579437	NM	yes	67	60	20
7261000	Cadron Creek near Guy, AR	Ref	EastHghlnds	445.8141	11	35.2988	-92.40393056	AR	yes	55	55	20
7290650	BAYOU PIERRE NR WILLOWS, MS	Ref	SEPlains	1688.728	8	32.01777778	-90.87694444	MS	yes	48	48	20
7291000	HOMOCHITTO RIVER AT EDDICETON, MS	Ref	SEPlains	479.2959	8	31.50305556	-90.7775	MS	yes	71	60	20
7292500	HOMOCHITTO RIVER AT ROSETTA, MS	Ref	SEPlains	2073.093	8	31.3247222222222	-91.1094444444444	MS	yes	58	58	20
7295000	BUFFALO RIVER NR WOODVILLE, MS	Ref	SEPlains	466.5798	8	31.22694444	-91.29555556	MS	yes	67	60	20
7299670	Groesbeck Ck at SH 6 nr Quanah, TX	Ref	WestPlains	828.3573	11	34.35451979	-99.74037187	TX	yes	47	47	20
7301410	Sweetwater Ck nr Kelton, TX	Ref	WestPlains	769.6656	11	35.47310419	-100.12095011	TX	yes	47	47	20
7301500	North Fork Red River near Carter, OK	Ref	WestPlains	6885.075	11	35.1681083	-99.5073128	OK	yes	63	58	20
7315200	E Fk Little Wichita Rv nr Henrietta, TX	Ref	WestPlains	501.6159	11	33.81287833	-98.08504064	TX	yes	45	45	20
7315700	Mud Creek near Courtney, OK	Ref	WestPlains	1488.686	11	34.00426528	-97.566968	OK	yes	49	49	20
7335700	Kiamichi River near Big Cedar, OK	Ref	EastHghlnds	102.5696	11	34.63843694	-94.6127236	OK	yes	44	44	20
7340300	Cossatot River near Vandervoort, AR	Ref	EastHghlnds	230.4347	11	34.37955418	-94.235763	AR	yes	42	42	20
7346045	Black Cypress Bayou at Jefferson, TX	Ref	SEPlains	959.8869	11	32.77791731	-94.3574153	TX	yes	41	41	20
7359610	Caddo River near Caddo Gap, AR	Ref	EastHghlnds	342.2349	08	34.38278	-93.60611	AR	yes	21	21	20
7362100	SMACKOVER CREEK NEAR SMACKOVER, ARK.	Ref	SEPlains	996.0786	8	33.37595623	-92.77710581	AR	yes	48	48	20
7373000	Big Creek at Pollock, LA	Ref	SEPlains	131.1775	8	31.5362873	-92.40847139	LA	yes	67	60	20
7375000	Tchefuncta River near Folsom, LA	Ref	SEPlains	249.3477	8	30.61602231	-90.24869545	LA	yes	65	59	20
7376000	Tickfaw River at Holden, LA	Ref	SEPlains	651.6053	8	30.50380161	-90.67731629	LA	yes	68	59	20
7377000	Amite River near Darlington, LA	Ref	SEPlains	1525.312	8	30.88906941	-90.84454541	LA	yes	59	59	20
8013000	CALCASIEU RIVER NR GLENMORA, LA	Ref	SEPlains	1293.693	8	30.99602322	-92.67375497	LA	yes	66	60	20
8014500	Whiskey Chitto Creek Near Oberlin, LA	Ref	SEPlains	1305.147	8	30.69875	-92.89319444	LA	yes	69	59	20
8023080	Bayou Grand Cane near Stanley, LA	Ref	SEPlains	187.6086	12	31.97933309	-93.9340773	LA	yes	29	29	20
8025500	Bayou Toro near Toro, LA	Ref	SEPlains	383.0247	12	31.30712737	-93.51572947	LA	yes	52	52	20
8029500	Big Cow Ck nr Newton, TX	Ref	SEPlains	333.3996	12	30.81888889	-93.78555556	TX	yes	57	57	20
8050800	Timber Ck nr Collinsville, TX	Ref	WestPlains	100.9324	12	33.55455428	-96.94722668	TX	yes	24	24	20
8066200	Long King Ck at Livingston, TX	Ref	SEPlains	364.1202	12	30.716306	-94.95882373	TX	yes	46	46	20
8066300	Menard Ck nr Rye, TX	Ref	SEPlains	383.5714	12	30.48138889	-94.77972222	TX	yes	43	43	20
8070000	E Fk San Jacinto Rv nr Cleveland, TX	Ref	SEPlains	841.0554	12	30.33659809	-95.10409994	TX	yes	70	60	20
8070200	E Fk San Jacinto Rv nr New Caney, TX	Ref	SEPlains	989.3655	12	30.1454932	-95.12437563	TX	yes	25	25	20
8079600	DMF Brazos Rv at Justiceburg, TX	Ref	WestPlains	3348.947	12	33.03843236	-101.19763019	TX	yes	47	47	20
8082700	Millers Ck nr Munday, TX	Ref	WestPlains	276.0354	12	33.32926607	-99.46508251	TX	yes	46	46	20
8086212	Hubbard Ck bl Albany, TX	Ref	WestPlains	1584.818	12	32.73289717	-99.14062992	TX	yes	43	43	20
8086290	Big Sandy Ck abv Breckenridge, TX	Ref	WestPlains	732.9825	12	32.64845613	-99.00451456	TX	yes	47	47	20
8101000	Cowhouse Ck at Pidcoke, TX	Ref	WestPlains	1177.1	12	31.28489022	-97.88502445	TX	yes	59	59	20
8103900	S Fk Rocky Ck nr Briggs, TX	Ref	WestPlains	86.00084	12	30.91156805	-98.0369676	TX	yes	46	46	20
8104900	S Fk San Gabriel Rv at Georgetown, TX	Ref	WestPlains	342.6174	12	30.6257499	-97.69112037	TX	yes	41	41	20
8109700	Middle Yegua Ck nr Dime Box, TX	Ref	SEPlains	610.1262	12	30.33937764	-96.90470373	TX	yes	47	47	20
8150800	Beaver Ck nr Mason, TX	Ref	WestPlains	557.5212	12	30.64351548	-99.09588478	TX	yes	46	46	20
8155200	Barton Ck at SH 71 nr Oak Hill, TX	Ref	WestPlains	232.7427	12	30.29631587	-97.925565	TX	yes	24	24	20
8158700	Onion Ck nr Driftwood, TX	Ref	WestPlains	320.3442	12	30.08298924	-98.00778589	TX	yes	30	30	20
8158810	Bear Ck bl FM 1826 nr Driftwood, TX	Ref	WestPlains	31.7889	12	30.15548749	-97.94000762	TX	yes	30	30	20
8164000	Lavaca Rv nr Edna, TX	Ref	WestPlains	2123.997	12	28.95998449	-96.6863668	TX	yes	71	60	20
8164300	Navidad Rv nr Hallettsville, TX	Ref	WestPlains	861.5421	12	29.46690801	-96.81275597	TX	yes	48	48	20
8164600	Garcitas Ck nr Inez, TX	Ref	SECstPlain	253.9206	12	28.89137591	-96.81914857	TX	yes	39	39	20
8165300	N Fk Guadalupe Rv nr Hunt, TX	Ref	WestPlains	435.9924	12	30.06409747	-99.38699162	TX	yes	42	42	20
8171300	Blanco Rv nr Kyle, TX	Ref	WestPlains	1067.474	12	29.97938297	-97.91000511	TX	yes	53	53	20
8175000	Sandies Ck nr Westhoff, TX	Ref	SEPlains	1421.657	12	29.2152475	-97.44943529	TX	yes	54	50	20
8176900	Coleto Ck at Arnold Rd nr Schroeder, TX	Ref	SEPlains	925.4421	12	28.86165308	-97.2263791	TX	yes	31	31	20
8178880	Medina Rv at Bandera, TX	Ref	WestPlains	850.5792	12	29.72383537	-99.07003496	TX	yes	27	27	20
8189500	Mission Rv at Refugio, TX	Ref	SEPlains	1808.286	12	28.29195088	-97.27915932	TX	yes	70	60	20
8190000	Nueces Rv at Laguna, TX	Ref	WestPlains	1961.433	12	29.42856679	-99.9972871	TX	yes	86	60	20
8190500	W Nueces Rv nr Brackettville, TX	Ref	WestPlains	1799.09	12	29.47273118	-100.23646327	TX	yes	64	54	20
8194200	San Casimiro Ck nr Freer, TX	Ref	WestPlains	1220.584	12	27.96501329	-98.96696778	TX	yes	47	47	20
8195000	Frio Rv at Concan, TX	Ref	WestPlains	1028.286	12	29.48856496	-99.70477562	TX	yes	84	60	20
8196000	Dry Frio Rv nr Reagan Wells, TX	Ref	WestPlains	326.9781	12	29.50467576	-99.78144517	TX	yes	57	57	20
8198500	Sabinal Rv at Sabinal, TX	Ref	WestPlains	624.347	12	29.31430556	-99.4804722	TX	yes	57	57	20
8200000	Hondo Ck nr Tarpley, TX	Ref	WestPlains	249.1146	12	29.56967272	-99.24670636	TX	yes	57	57	20
8202700	Seco Ck at Rowe Ranch nr D'Hanis, TX	Ref	WestPlains	434.745	12	29.37078917	-99.28781853	TX	yes	48	48	20
8267500	RIO HONDO NEAR VALDEZ, NM	Ref	WestMnts	96.2577	13	36.54169317	-105.55639778	NM	yes	75	60	20
8269000	RIO PUEBLO DE TAOS NEAR TAOS, NM	Ref	WestMnts	163.2663	13	36.43947243	-105.50362032	NM	yes	58	48	20
8271000	RIO LUCERO NEAR ARROYO SECO, NM	Ref	WestMnts	43.7742	13	36.50836055	-105.53084227	NM	yes	65	48	20
8324000	JEMEZ RIVER NEAR JEMEZ, NM	Ref	WestMnts	1207.948	13	35.66169371	-106.74336896	NM	yes	61	57	20
8377900	RIO MORA NEAR TERRERO, NM	Ref	WestMnts	139.0311	13	35.77725369	-105.65807253	NM	yes	46	46	20
8378500	PECOS RIVER NEAR PECOS, NM	Ref	WestMnts	444.9591	13	35.70836606	-105.68251708	NM	yes	81	60	20
8380500	GALLINAS CREEK NEAR MONTEZUMA, NM	Ref	WestMnts	198.0621	13	35.65198595	-105.3188997	NM	yes	83	60	20
9034900	BOBTAIL CREEK NEAR JONES PASS, CO.	Ref	WestMnts	15.6492	14	39.76026447	-105.90640143	CO	yes	44	44	20
9035800	DARLING CREEK NEAR LEAL, CO.	Ref	WestMnts	22.9437	14	39.80054181	-106.0264066	CO	yes	44	44	20
9035900	SOUTH FORK OF WILLIAMS FORK NEAR LEAL, CO.	Ref	WestMnts	72.8421	14	39.79581958	-106.03057342	CO	yes	44	44	20
9047700	KEYSTONE GULCH NEAR DILLON, CO.	Ref	WestMnts	23.5701	14	39.59443117	-105.97251578	CO	yes	52	52	20
9065500	GORE CREEK AT UPPER STATION, NEAR MINTURN, CO.	Ref	WestMnts	37.7757	14	39.6258193	-106.27808232	CO	yes	55	53	20
9066000	BLACK GORE CREEK NEAR MINTURN, CO.	Ref	WestMnts	32.4099	14	39.59637495	-106.26502637	CO	yes	55	53	20
9066200	BOOTH CREEK NEAR MINTURN, CO.	Ref	WestMnts	16.0965	14	39.64831927	-106.32308334	CO	yes	45	45	20
9066300	MIDDLE CREEK NEAR MINTURN, CO.	Ref	WestMnts	15.5223	14	39.64581933	-106.38225122	CO	yes	45	45	20
9081600	CRYSTAL RIVER AB AVALANCHE C, NEAR REDSTONE, CO.	Ref	WestMnts	432.8928	14	39.23220666	-107.22727262	CO	yes	54	54	20
9107000	TAYLOR RIVER AT TAYLOR PARK, CO.	Ref	WestMnts	331.6194	14	38.86027127	-106.5666966	CO	yes	27	22	20
9183500	MILL CREEK AT SHELEY TUNNEL, NEAR MOAB, UT.	Ref	WestMnts	74.3022	14	38.4830403	-109.40400433	UT	yes	27	27	20
9210500	FONTENELLE C NR HERSCHLER RANCH, NR FONTENELLE, WY	Ref	WestMnts	398.3094	14	42.09605297	-110.41655587	WY	yes	58	58	20
9223000	HAMS FORK BELOW POLE CREEK, NEAR FRONTIER, WY	Ref	WestMnts	333.153	14	42.11049394	-110.70962121	WY	yes	57	57	20
9306242	CORRAL GULCH NEAR RANGELY, CO.	Ref	WestXeric	81.9855	14	39.92025021	-108.47287188	CO	yes	35	35	20
9312600	WHITE RIVER BL TABBYUNE C NEAR SOLDIER SUMMIT, UT	Ref	WestMnts	195.2946	14	39.87579282	-111.03738781	UT	yes	42	42	20
9352900	VALLECITO CREEK NEAR BAYFIELD, CO.	Ref	WestMnts	188.1514	14	37.47750126	-107.54366882	CO	yes	47	47	20
9378170	SOUTH CREEK ABOVE RESERVOIR NEAR MONTICELLO, UT	Ref	WestMnts	21.8979	14	37.84666083	-109.36956247	UT	yes	24	24	20
9378630	RECAPTURE CREEK NEAR BLANDING, UT	Ref	WestMnts	10.4238	14	37.75555042	-109.47651095	UT	yes	44	44	20
9386900	RIO NUTRIA NEAR RAMAH, NM	Ref	WestMnts	184.9419	15	35.28252877	-108.55341093	NM	yes	40	40	20
9404450	EAST FORK VIRGIN RIVER NEAR GLENDALE, UT	Ref	WestXeric	192.96	15	37.33942723	-112.6043769	UT	yes	43	43	20
9430500	GILA RIVER NEAR GILA, NM	Ref	WestMnts	4804.927	15	33.06117891	-108.53727511	NM	yes	81	60	20
9430600	MOGOLLON CREEK NEAR CLIFF, NM	Ref	WestMnts	190.522	15	33.1667329	-108.64977858	NM	yes	42	42	20
9447800	BONITA CREEK NEAR MORENCI, AZ.	Ref	WestXeric	781.9614	15	32.95561778	-109.53118763	AZ	yes	28	28	20
9480000	SANTA CRUZ RIVER NEAR LOCHIEL, AZ.	Ref	WestXeric	213.381	15	31.35537817	-110.58952639	AZ	yes	60	60	20
9484000	SABINO CREEK NEAR TUCSON, AZ.	Ref	WestXeric	103.6521	15	32.3167422	-110.81036741	AZ	yes	62	45	20
9484600	PANTANO WASH NEAR VAIL, AZ.	Ref	WestXeric	1179.589	15	32.0359141	-110.67758183	AZ	yes	35	35	20
9492400	EAST FORK WHITE RIVER NEAR FORT APACHE, AZ.	Ref	WestMnts	128.9673	15	33.8222723	-109.8145413	AZ	yes	52	52	20
9494000	WHITE RIVER NEAR FORT APACHE, AZ.	Ref	WestMnts	1628.228	15	33.73644059	-110.16676705	AZ	yes	52	52	20
9497800	CIBECUE CREEK NEAR CHYSOTILE, AZ.	Ref	WestMnts	750.8628	15	33.84310532	-110.55760917	AZ	yes	50	50	20
9497980	CHERRY CREEK NEAR GLOBE, AZ.	Ref	WestMnts	516.798	15	33.8278262	-110.85622663	AZ	yes	43	43	20
9505200	WET BEAVER CREEK NEAR RIMROCK, AZ.	Ref	WestMnts	285.6771	15	34.67474409	-111.672094	AZ	yes	41	41	20
9505350	DRY BEAVER CREEK NEAR RIMROCK, AZ.	Ref	WestMnts	365.6619	15	34.72863146	-111.77570797	AZ	yes	49	49	20
9505800	WEST CLEAR CREEK NEAR CAMP VERDE, AZ.	Ref	WestMnts	614.9414	15	34.53863606	-111.69403564	AZ	yes	44	44	20
9508300	WET BOTTOM CREEK NEAR CHILDS, AZ.	Ref	WestMnts	93.0006	15	34.16086787	-111.69292354	AZ	yes	42	42	20
9510200	SYCAMORE CREEK NEAR FORT MCDOWELL, AZ.	Ref	WestMnts	425.3085	15	33.69421054	-111.541802	AZ	yes	49	49	20
9512280	CAVE CREEK BLW COTTONWOOD CR NEAR CAVE CREEK, AZ.	Ref	WestMnts	188.7093	15	33.88725977	-111.95403876	AZ	yes	29	29	20
9513780	NEW RIVER NEAR ROCK SPRINGS, AZ.	Ref	WestMnts	177.4701	15	33.97420168	-112.09904579	AZ	yes	43	43	20
9535100	SAN SIMON WASH NEAR PISINIMO, AZ.	Ref	WestXeric	1482.933	15	32.04423703	-112.37097056	AZ	yes	37	37	20
10023000	BIG CREEK NEAR RANDOLPH, UT	Ref	WestMnts	131.4567	16	41.60994177	-111.2540876	UT	yes	47	44	20
10109001	COM F LOGAN R AB ST D AND LO HP AND SM C N LO UT	Ref	WestMnts	555.5961	16	41.74437546	-111.7843867	UT	yes	88	60	20
10166430	WEST CANYON CREEK NEAR CEDAR FORT, UT	Ref	WestXeric	70.173	16	40.40522565	-112.10049593	UT	yes	33	33	20
10172200	RED BUTTE CREEK AT FORT DOUGLAS, NEAR SLC, UT	Ref	WestMnts	18.68708	16	40.77994627	-111.80604495	UT	yes	46	46	20
10172700	VERNON CREEK NEAR VERNON, UT	Ref	WestXeric	69.92911	16	39.97939105	-112.38022967	UT	yes	51	51	20
10172800	SOUTH WILLOW CREEK NEAR GRANTSVILLE, UT	Ref	WestXeric	11.0709	16	40.49633109	-112.5744028	UT	yes	46	46	20
10173450	MAMMOTH CREEK ABV WEST HATCH DITCH, NEAR HATCH, UT	Ref	WestMnts	268.5276	16	37.62275721	-112.5168773	UT	yes	45	45	20
10234500	BEAVER RIVER NEAR BEAVER, UT	Ref	WestMnts	236.4192	16	38.28052642	-112.56827129	UT	yes	95	60	20
10242000	COAL CREEK NEAR CEDAR CITY, UT	Ref	WestMnts	208.6857	16	37.67219924	-113.0346702	UT	yes	75	60	20
10244950	STEPTOE C NR ELY, NV	Ref	WestXeric	28.1961	16	39.20153889	-114.68916111	NV	yes	43	43	20
10249300	S TWIN R NR ROUND MOUNTAIN, NV	Ref	WestXeric	50.1957	16	38.88743023	-117.24536726	NV	yes	44	44	20
10258000	TAHQUITZ C NR PALM SPRINGS CA	Ref	WestXeric	43.6914	18	33.80501929	-116.55918161	CA	yes	61	59	20
10258500	PALM CYN C NR PALM SPRINGS CA	Ref	WestXeric	241.5123	18	33.74502178	-116.53557094	CA	yes	73	60	20
10259000	ANDREAS C NR PALM SPRINGS CA	Ref	WestXeric	22.4568	18	33.76002112	-116.55001547	CA	yes	61	60	20
10259200	DEEP C NR PALM DESERT CA	Ref	WestXeric	79.1235	18	33.63113647	-116.39223424	CA	yes	47	47	20
10263500	BIG ROCK C NR VALYERMO CA	Ref	WestXeric	59.4639	18	34.42083115	-117.83950724	CA	yes	86	60	20
10308200	E F CARSON R BL MARKLEEVILLE C NR MARKLEEVILLECA	Ref	WestMnts	716.4228	16	38.71462743	-119.76489846	CA	yes	49	49	20
10310500	CLEAR CREEK NEAR CARSON CITY, NV	Ref	WestMnts	39.4893	16	39.11324216	-119.7982365	NV	yes	34	33	20
10316500	LAMOILLE C NR LAMOILLE, NV	Ref	WestXeric	64.7784	16	40.69076057	-115.47700302	NV	yes	73	60	20
10329500	MARTIN C NR PARADISE VALLEY, NV	Ref	WestXeric	454.5207	16	41.53461752	-117.41790473	NV	yes	88	60	20
10336645	GENERAL C NR MEEKS BAY CA	Ref	WestMnts	19.5984	16	39.05185197	-120.11852089	CA	yes	29	29	20
10336660	BLACKWOOD C NR TAHOE CITY CA	Ref	WestMnts	29.7963	16	39.10740708	-120.16213517	CA	yes	49	49	20
10336676	WARD C AT HWY 89 NR TAHOE PINES CA	Ref	WestMnts	24.7167	16	39.13212922	-120.15769133	CA	yes	37	37	20
10336740	Logan House Ck nr Glenbrook, NV	Ref	WestMnts	5.5368	16	39.06657478	-119.93546048	NV	yes	26	26	20
10343500	SAGEHEN C NR TRUCKEE CA	Ref	WestMnts	27.6027	16	39.43157246	-120.23797928	CA	yes	56	56	20
10348850	GALENA C AT GALENA C STATE PARK	Ref	WestMnts	19.1385	16	39.35435414	-119.85852248	NV	yes	25	25	20
10396000	DONNER UND BLITZEN RIVER NR FRENCHGLEN OR	Ref	WestXeric	528.894	17	42.79083333	-118.8675	OR	yes	79	60	20
11015000	SWEETWATER R NR DESCANSO CA	Ref	WestXeric	117.7605	18	32.83477372	-116.62307473	CA	yes	75	53	20
11098000	ARROYO SECO NR PASADENA CA	Ref	WestXeric	41.5665	18	34.22222629	-118.17757272	CA	yes	95	60	20
11124500	SANTA CRUZ C NR SANTA YNEZ CA	Ref	WestXeric	191.5227	18	34.59665633	-119.9087519	CA	yes	68	60	20
11141280	LOPEZ C NR ARROYO GRANDE CA	Ref	WestXeric	54.0072	18	35.23553035	-120.47238571	CA	yes	42	42	20
11143000	BIG SUR R NR BIG SUR CA	Ref	WestXeric	120.6126	18	36.24579648	-121.7732872	CA	yes	59	59	20
11148900	NACIMIENTO R BL SAPAQUE C NR BRYSON CA	Ref	WestXeric	403.4547	18	35.78857918	-121.09380476	CA	yes	38	38	20
11151300	SAN LORENZO C BL BITTERWATER C NR KING CITY CA	Ref	WestXeric	608.2281	18	36.26802087	-121.06630296	CA	yes	51	51	20
11162500	PESCADERO C NR PESCADERO CA	Ref	WestMnts	118.8711	18	37.26077707	-122.32886025	CA	yes	58	58	20
11176400	ARROYO VALLE BL LANG CN NR LIVERMORE CA	Ref	WestXeric	338.5611	18	37.56132196	-121.68383892	CA	yes	46	46	20
11180500	DRY C A UNION CITY CA	Ref	WestXeric	24.3189	18	37.6060452	-122.02385042	CA	yes	53	50	20
11180960	CULL C AB CULL C RES NR CASTRO VALLEY CA	Ref	WestXeric	15.0624	18	37.71770737	-122.0544067	CA	yes	31	31	20
11224500	LOS GATOS C AB NUNEZ CYN NR COALINGA CA	Ref	WestXeric	247.4352	18	36.21467719	-120.4707116	CA	yes	64	60	20
11230500	BEAR C NR LAKE THOMAS A EDISON CA	Ref	WestMnts	135.5301	18	37.33938634	-118.97345128	CA	yes	88	60	20
11237500	PITMAN C BL TAMARACK C CA	Ref	WestMnts	59.8239	18	37.19855659	-119.21373276	CA	yes	81	60	20
11253310	CANTUA C NR CANTUA CREEK CA	Ref	WestXeric	120.4371	18	36.40217399	-120.43349166	CA	yes	43	43	20
11264500	MERCED R A HAPPY ISLES BRIDGE NR YOSEMITE CA	Ref	WestMnts	467.9761	18	37.73159272	-119.55877361	CA	yes	94	60	20
11266500	MERCED R A POHONO BRIDGE NR YOSEMITE CA	Ref	WestMnts	833.0817	18	37.71687138	-119.66627882	CA	yes	93	60	20
11274500	ORESTIMBA C NR NEWMAN CA	Ref	WestXeric	347.7503	18	37.31549247	-121.12520814	CA	yes	77	60	20
11274630	DEL PUERTO C NR PATTERSON CA	Ref	WestXeric	187.4375	18	37.48659935	-121.20910264	CA	yes	44	44	20
11284400	BIG C AB WHITES GULCH NR GROVELAND CA	Ref	WestMnts	41.7168	18	37.84187143	-120.18491032	CA	yes	40	40	20
11299600	BLACK C NR COPPEROPOLIS CA	Ref	WestXeric	37.3239	18	37.96103615	-120.61520349	CA	yes	26	26	20
11315000	COLE C NR SALT SPRINGS DAM CA	Ref	WestMnts	54.0108	18	38.51907831	-120.21269277	CA	yes	81	60	20
11381500	MILL C NR LOS MOLINOS CA	Ref	WestMnts	337.6305	18	40.05460222	-122.02415415	CA	yes	81	60	20
11383500	DEER C NR VINA CA	Ref	WestMnts	539.7753	18	40.01404745	-121.94831813	CA	yes	93	60	20
11427700	DUNCAN CYN C NR FRENCH MEADOWS CA	Ref	WestMnts	25.5231	18	39.1357376	-120.47853532	CA	yes	49	49	20
11451100	NF CACHE C A HOUGH SPRING NR CLEARLAKE OAKS CA	Ref	WestXeric	155.0943	18	39.16544583	-122.61998617	CA	yes	38	38	20
11468500	NOYO R NR FORT BRAGG CA	Ref	WestMnts	273.5145	18	39.42822378	-123.73779167	CA	yes	58	58	20
11473900	MF EEL R NR DOS RIOS CA	Ref	WestMnts	1925.013	18	39.70626687	-123.32529131	CA	yes	44	44	20
11475560	ELDER C NR BRANSCOMB CA	Ref	WestMnts	16.794	18	39.72959972	-123.64390732	CA	yes	42	42	20
11476600	BULL C NR WEOTT CA	Ref	WestMnts	71.8452	18	40.35125028	-124.00393118	CA	yes	49	49	20
11478500	VAN DUZEN R NR BRIDGEVILLE CA	Ref	WestMnts	572.3766	18	40.48041636	-123.89087609	CA	yes	59	59	20
11480390	MAD R AB RUTH RES NR FOREST GLEN CA	Ref	WestMnts	242.5977	18	40.28431329	-123.33530338	CA	yes	29	29	20
11481200	LITTLE R NR TRINIDAD CA	Ref	WestMnts	105.4035	18	41.01095903	-124.08173331	CA	yes	54	54	20
11482500	REDWOOD C A ORICK CA	Ref	WestMnts	718.0398	18	41.2992896	-124.05118249	CA	yes	58	56	20
11522500	SALMON R A SOMES BAR CA	Ref	WestMnts	1943.12	18	41.37762652	-123.47755822	CA	yes	86	60	20
11523200	TRINITY R AB COFFEE C NR TRINITY CTR CA	Ref	WestMnts	382.9356	18	41.1112571	-122.70557878	CA	yes	52	52	20
11528700	SF TRINITY R BL HYAMPOM CA	Ref	WestMnts	1980.083	18	40.64986273	-123.49420459	CA	yes	44	44	20
11532500	SMITH R NR CRESCENT CITY CA	Ref	WestMnts	1577.962	18	41.79150263	-124.0761887	CA	yes	78	60	20
12010000	NASELLE RIVER NEAR NASELLE, WA	Ref	WestMnts	142.182	17	46.3739937	-123.743482	WA	yes	80	60	20
12013500	WILLAPA RIVER NEAR WILLAPA, WA	Ref	WestMnts	337.6854	17	46.65093418	-123.65265844	WA	yes	54	53	20
12020000	CHEHALIS RIVER NEAR DOTY, WA	Ref	WestMnts	294.2235	17	46.61732361	-123.27764395	WA	yes	70	60	20
12025000	NEWAUKUM RIVER NEAR CHEHALIS, WA	Ref	WestMnts	404.9037	17	46.6201042	-122.94512602	WA	yes	68	59	20
12025700	SKOOKUMCHUCK RIVER NEAR VAIL, WA	Ref	WestMnts	103.3029	17	46.77260276	-122.59400863	WA	yes	42	42	20
12035000	SATSOP RIVER NEAR SATSOP, WA	Ref	WestMnts	769.8996	17	47.0006512	-123.49488382	WA	yes	80	60	20
12040500	QUEETS RIVER NEAR CLEARWATER, WA	Ref	WestMnts	1153.437	17	47.53785884	-124.31574572	WA	yes	54	35	20
12041200	HOH RIVER AT US HIGHWAY 101 NEAR FORKS, WA	Ref	WestMnts	655.7967	17	47.80674726	-124.25103289	WA	yes	49	49	20
12043000	CALAWAH RIVER NEAR FORKS, WA	Ref	WestMnts	337.185	17	47.96007697	-124.39298719	WA	yes	31	29	20
12048000	DUNGENESS RIVER NEAR SEQUIM, WA	Ref	WestMnts	405.0063	17	48.01425781	-123.13267727	WA	yes	79	60	20
12054000	DUCKABUSH RIVER NEAR BRINNON, WA	Ref	WestMnts	171.675	17	47.68398059	-123.01155106	WA	yes	71	60	20
12056500	NF SKOKOMISH R BL STAIRCASE RPDS NR HOODSPORT, WA	Ref	WestMnts	146.9715	17	47.51425666	-123.32988684	WA	yes	85	60	20
12073500	HUGE CREEK NEAR WAUNA, WA	Ref	WestMnts	15.6726	17	47.38926205	-122.69902415	WA	yes	54	52	20
12082500	NISQUALLY RIVER NEAR NATIONAL, WA	Ref	WestMnts	349.9983	17	46.75260766	-122.08371944	WA	yes	67	60	20
12092000	PUYALLUP RIVER NEAR ELECTRON, WA	Ref	WestMnts	240.8814	17	46.90371641	-122.0351092	WA	yes	81	52	20
12095000	SOUTH PRAIRIE CREEK AT SOUTH PRAIRIE, WA	Ref	WestMnts	205.8354	17	47.13954628	-122.0926135	WA	yes	44	44	20
12114500	CEDAR RIVER BELOW BEAR CREEK NEAR CEDAR FALLS, WA	Ref	WestMnts	66.5559	17	47.34205417	-121.54898579	WA	yes	52	48	20
12115000	CEDAR RIVER NEAR CEDAR FALLS, WA	Ref	WestMnts	102.7983	17	47.37010733	-121.62510089	WA	yes	64	60	20
12115500	REX RIVER NEAR CEDAR FALLS, WA	Ref	WestMnts	34.7184	17	47.35066169	-121.66315821	WA	yes	64	60	20
12117000	TAYLOR CREEK NEAR SELLECK, WA	Ref	WestMnts	44.85363	17	47.38649132	-121.84622172	WA	yes	53	53	20
12141300	MIDDLE FORK SNOQUALMIE RIVER NEAR TANNER, WA	Ref	WestMnts	401.5098	17	47.48593975	-121.64788092	WA	yes	48	48	20
12143600	SF SNOQUALMIE RIVER AT EDGEWICK, WA	Ref	WestMnts	165.0069	17	47.45260396	-121.71788471	WA	yes	28	28	20
12144000	SF SNOQUALMIE RIVER AT NORTH BEND, WA	Ref	WestMnts	210.1059	17	47.49288017	-121.79011086	WA	yes	67	38	20
12145500	RAGING RIVER NEAR FALL CITY, WA	Ref	WestMnts	78.9804	17	47.53982388	-121.90900466	WA	yes	48	44	20
12147500	NORTH FORK TOLT RIVER NEAR CARNATION, WA	Ref	WestMnts	102.8934	17	47.71232365	-121.78872715	WA	yes	52	52	20
12147600	SOUTH FORK TOLT RIVER NEAR INDEX, WA	Ref	WestMnts	14.1264	17	47.70677144	-121.60010693	WA	yes	44	44	20
12167000	NF STILLAGUAMISH RIVER NEAR ARLINGTON, WA	Ref	WestMnts	683.7525	17	48.26149178	-122.04764068	WA	yes	81	60	20
12175500	THUNDER CREEK NEAR NEWHALEM, WA	Ref	WestMnts	273.8205	17	48.67262872	-121.07289644	WA	yes	79	60	20
12178100	NEWHALEM CREEK NEAR NEWHALEM, WA	Ref	WestMnts	69.6834	17	48.65595877	-121.23845625	WA	yes	48	48	20
12186000	SAUK RIVER AB WHITECHUCK RIVER NEAR DARRINGTON, WA	Ref	WestMnts	398.4354	17	48.16872009	-121.47067234	WA	yes	85	60	20
12189500	SAUK RIVER NEAR SAUK, WA	Ref	WestMnts	1855.317	17	48.42455859	-121.5684634	WA	yes	81	60	20
12358500	Middle Fork Flathead River nr West Glacier MT	Ref	WestMnts	2939.194	17	48.49524417	-114.0101189	MT	yes	70	60	20
12374250	Mill Cr ab Bassoo Cr nr Niarada MT	Ref	WestMnts	50.7897	17	47.82966417	-114.6976303	MT	yes	27	27	20
12375900	South Crow Creek near Ronan MT	Ref	WestMnts	19.7226	17	47.4916	-114.0267742	MT	yes	27	27	20
12377150	Mission Cr ab Reservoir nr ST Ignatius MT	Ref	WestMnts	32.1768	17	47.3229869	-113.9795475	MT	yes	27	27	20
12381400	South Fork Jocko River near Arlee MT	Ref	WestMnts	150.9471	17	47.1954864	-113.8506533	MT	yes	27	27	20
12383500	Big Knife Creek near Arlee MT	Ref	WestMnts	17.6706	17	47.14742806	-113.9742717	MT	yes	27	27	20
12388400	Revais Cr bl West Fork nr Dixon MT	Ref	WestMnts	60.8409	17	47.2663172	-114.4067864	MT	yes	27	27	20
12390700	Prospect Creek at Thompson Falls MT	Ref	WestMnts	470.2338	17	47.5860461	-115.355153	MT	yes	53	53	20
12411000	NF COEUR D ALENE R AB SHOSHONE CK NR PRICHARD ID	Ref	WestMnts	867.4833	17	47.70611111	-115.97916667	ID	yes	59	59	20
12413000	NF COEUR D ALENE RIVER AT ENAVILLE ID	Ref	WestMnts	2325.166	17	47.56888889	-116.25333333	ID	yes	70	60	20
12414500	ST JOE RIVER AT CALDER ID	Ref	WestMnts	2678.972	17	47.27464004	-116.18904915	ID	yes	90	60	20
12447390	ANDREWS CREEK NEAR MAZAMA, WA	Ref	WestMnts	58.10103	17	48.82292454	-120.14592449	WA	yes	41	41	20
12451000	STEHEKIN RIVER AT STEHEKIN, WA	Ref	WestMnts	830.5974	17	48.32958017	-120.69176685	WA	yes	86	60	20
12488500	AMERICAN RIVER NEAR NILE, WA	Ref	WestMnts	205.1703	17	46.97761606	-121.16869601	WA	yes	70	60	20
13010065	SNAKE RIVER AB JACKSON LAKE AT FLAGG RANCH WY	Ref	WestMnts	1222.287	17	44.09888889	-110.6675	WY	yes	26	26	20
13011500	PACIFIC CREEK AT MORAN WY	Ref	WestMnts	404.0775	17	43.85027778	-110.51777778	WY	yes	62	57	20
13011900	BUFFALO FORK AB LAVA CREEK NR MORAN WY	Ref	WestMnts	851.8032	17	43.83805556	-110.44111111	WY	yes	44	44	20
13018300	CACHE CREEK NEAR JACKSON, WY	Ref	WestMnts	27.90146	17	43.45215258	-110.7040913	WY	yes	47	47	20
13023000	GREYS RIVER AB RESERVOIR NR ALPINE WY	Ref	WestMnts	1161.929	17	43.14277778	-110.97666667	WY	yes	57	56	20
13083000	TRAPPER CREEK NR OAKLEY ID	Ref	WestXeric	133.1838	17	42.16583333	-113.98361111	ID	yes	95	60	20
13161500	BRUNEAU RIVER AT ROWLAND NV	Ref	WestXeric	986.1309	17	41.93323682	-115.67452681	NV	yes	48	43	20
13185000	BOISE RIVER NR TWIN SPRINGS ID	Ref	WestMnts	2154.389	17	43.65944444	-115.72722222	ID	yes	98	60	20
13235000	SF PAYETTE RIVER AT LOWMAN ID	Ref	WestMnts	1163.229	17	44.08527778	-115.62222222	ID	yes	68	60	20
13240000	LAKE FORK PAYETTE RIVER AB JUMBO CR NR MCCALL ID	Ref	WestMnts	125.5698	17	44.91361111	-115.99722222	ID	yes	64	60	20
13310700	SF SALMON RIVER NR KRASSEL RANGER STATION ID	Ref	WestMnts	853.1325	17	44.9869444	-115.725	ID	yes	37	37	20
13313000	JOHNSON CREEK AT YELLOW PINE ID	Ref	WestMnts	561.9358	17	44.96166667	-115.5	ID	yes	81	60	20
13331500	MINAM RIVER NEAR MINAM, OR	Ref	WestMnts	618.9291	17	45.61986694	-117.72658917	OR	yes	45	44	20
13337000	LOCHSA RIVER NR LOWELL ID	Ref	WestMnts	3053.417	17	46.15083333	-115.58722222	ID	yes	82	60	20
13338500	SF CLEARWATER RIVER AT STITES ID	Ref	WestMnts	3027.002	17	46.08638889	-115.97666667	ID	yes	45	45	20
13340000	CLEARWATER RIVER AT OROFINO ID	Ref	WestMnts	14268.92	17	46.47833333	-116.2575	ID	yes	53	45	20
13340600	NF CLEARWATER RIVER NR CANYON RANGER STATION ID	Ref	WestMnts	3354.622	17	46.84046563	-115.62070327	ID	yes	42	42	20
14020000	UMATILLA RIVER ABOVE MEACHAM CREEK, NR GIBBON, OR	Ref	WestMnts	341.4267	17	45.71957668	-118.32329134	OR	yes	76	60	20
14092750	SHITIKE CR, AT PETERS PASTURE, NR WARM SPRINGS, OR	Ref	WestMnts	57.4803	17	44.75039516	-121.63339709	OR	yes	27	27	20
14096850	BEAVER CREEK, BLW QUARTZ CR, NR SIMNASHO, OR.	Ref	WestMnts	374.6232	17	44.95872724	-121.39422859	OR	yes	26	26	20
14137000	SANDY RIVER NEAR MARMOT, OR	Ref	WestMnts	674.2395	17	45.39956422	-122.13730677	OR	yes	95	60	20
14138800	BLAZED ALDER CREEK NEAR RHODODENDRON, OREG.	Ref	WestMnts	21.2886	17	45.45261834	-121.89146841	OR	yes	46	46	20
14138870	FIR CREEK NEAR BRIGHTWOOD, OR	Ref	WestMnts	14.02431	17	45.48011889	-122.02563847	OR	yes	34	34	20
14138900	NORTH FORK BULL RUN RIVER NEAR MULTNOMAH FALLS, OR	Ref	WestMnts	21.6828	17	45.49428561	-122.03591673	OR	yes	44	44	20
14139800	SOUTH FORK BULL RUN RIVER NEAR BULL RUN, OR	Ref	WestMnts	40.7034	17	45.44456402	-122.10952919	OR	yes	35	35	20
14141500	LITTLE SANDY RIVER NEAR BULL RUN, OREG.	Ref	WestMnts	59.8653	17	45.41539777	-122.1714746	OR	yes	90	60	20
14154500	ROW RIVER ABOVE PITCHER CREEK NEAR, DORENA, OREG	Ref	WestMnts	546.8105	17	43.7359565	-122.87340189	OR	yes	74	60	20
14158500	MCKENZIE RIVER AT OUTLET OF CLEAR LAKE, OR	Ref	WestMnts	237.0771	17	44.36095451	-121.99561722	OR	yes	65	60	20
14158790	SMITH R AB SMITH R RES NR BELKNAP SPRGS,OREG.	Ref	WestMnts	40.5711	17	44.3345666	-122.0470074	OR	yes	49	49	20
14166500	LONG TOM RIVER NEAR NOTI, OREG.	Ref	WestMnts	226.5246	17	44.04984478	-123.42620971	OR	yes	74	60	20
14182500	LITTLE NORTH SANTIAM RIVER NEAR MEHAMA, OR	Ref	WestMnts	286.8498	17	44.79151084	-122.57897385	OR	yes	78	60	20
14185000	SOUTH SANTIAM RIVER BELOW CASCADIA, OR	Ref	WestMnts	458.1774	17	44.39179225	-122.49758167	OR	yes	74	60	20
14185900	QUARTZVILLE CREEK NEAR CASCADIA, OREG.	Ref	WestMnts	258.1965	17	44.54012357	-122.43591548	OR	yes	45	45	20
14187000	WILEY CREEK NEAR FOSTER, OR	Ref	WestMnts	134.7498	17	44.37234769	-122.6231384	OR	yes	46	44	20
14216500	MUDDY CREEK BELOW CLEAR CREEK NEAR COUGAR, WA	Ref	WestMnts	349.524	17	46.07566882	-121.99869819	WA	yes	51	45	20
14222500	EAST FORK LEWIS RIVER NEAR HEISSON, WA	Ref	WestMnts	323.8893	17	45.83678093	-122.46620834	WA	yes	80	60	20
14236200	TILTON RIVER AB BEAR CANYON CREEK NEAR CINEBAR, WA	Ref	WestMnts	360.9936	17	46.59538432	-122.45955638	WA	yes	53	53	20
14301000	NEHALEM RIVER NEAR FOSS, OR	Ref	WestMnts	1743.544	17	45.70399863	-123.75540503	OR	yes	70	60	20
14303200	TUCCA CREEK NEAR BLAINE, OR.	Ref	WestMnts	8.0595	17	45.32427635	-123.54650122	OR	yes	26	26	20
14305500	SILETZ RIVER AT SILETZ, OR	Ref	WestMnts	526.3299	17	44.71511723	-123.88733481	OR	yes	88	60	20
14306340	EAST FORK LOBSTER CREEK NEAR ALSEA, OR.	Ref	WestMnts	14.7276	17	44.24789909	-123.63649359	OR	yes	26	26	20
14306500	ALSEA RIVER NEAR TIDEWATER, OR	Ref	WestMnts	857.1636	17	44.38595381	-123.83177804	OR	yes	70	60	20
14308990	COW CREEK ABV GALESVILLE RES, NR AZALEA, OR.	Ref	WestMnts	167.7555	17	42.82317665	-123.12589217	OR	yes	24	24	20
14309500	WEST FORK COW CREEK NEAR GLENDALE, OR	Ref	WestMnts	224.9208	17	42.80400356	-123.61090714	OR	yes	54	54	20
14316700	STEAMBOAT CREEK NEAR GLIDE, OR	Ref	WestMnts	587.8989	17	43.34984202	-122.72894154	OR	yes	53	53	20
14325000	SOUTH FORK COQUILLE RIVER AT POWERS, OR	Ref	WestMnts	443.0745	17	42.89149904	-124.07065212	OR	yes	89	60	20
14362250	STAR GULCH NEAR RUCH, OR.	Ref	WestMnts	41.4216	17	42.15401355	-123.07532304	OR	yes	26	26	20
14400000	CHETCO RIVER NEAR BROOKINGS, OR	Ref	WestMnts	702.6345	17	42.12344278	-124.1873107	OR	yes	40	40	20
15072000	FISH C NR KETCHIKAN AK	Ref	Alaska	91.18689	19	55.3916038	-131.1955833	AK	yes	91	60	20
15085100	OLD TOM C NR KASAAN AK	Ref	Alaska	15.28412	19	55.3951944	-132.4086268	AK	yes	60	60	20
15129500	SITUK R NR YAKUTAT AK	Ref	Alaska	93.13876	19	59.58636636	-139.4941877	AK	yes	21	21	20
15239050	MF BRADLEY R NR HOMER AK	Ref	Alaska	23.70175	19	59.77774568	-150.7562948	AK	yes	30	30	20
15266300	KENAI R AT SOLDOTNA AK	Ref	Alaska	5192.115	19	60.4769289	-151.0816675	AK	yes	44	44	20
15290000	L SUSITNA R NR PALMER AK	Ref	Alaska	162.2304	19	61.7097433	-149.231938	AK	yes	61	60	20
15292700	TALKEETNA R NR TALKEETNA AK	Ref	Alaska	5219.027	19	62.3464388	-150.019201	AK	yes	45	45	20
15478040	PHELAN C NR PAXSON AK	Ref	Alaska	29.92392	19	63.2404219	-145.4697352	AK	yes	32	32	20
15484000	SALCHA R NR SALCHAKET AK	Ref	Alaska	5737.269	19	64.4723591	-146.926265	AK	yes	61	60	20
15493000	CHENA R NR TWO RIVERS AK	Ref	Alaska	2418.995	19	64.9023739	-146.359366	AK	yes	42	42	20
15511000	L CHENA R NR FAIRBANKS AK	Ref	Alaska	886.7069	19	64.88568988	-147.2496477	AK	yes	43	43	20
15896000	KUPARUK R NR DEADHORSE AK	Ref	Alaska	8654.482	19	70.28138539	-148.962786	AK	yes	38	38	20
15908000	SAGAVANIRKTOK R NR PUMP STA 3 AK	Ref	Alaska	4821.852	19	69.0146482	-148.8200342	AK	yes	27	27	20
16010000	Kawaikoi Stream nr Waimea, Kauai, HI	Ref	Hawaii	9.899745	20	22.13267463	-159.61998	HI	yes	92	60	20
16019000	Waialae Str at alt 3,820 ft nr Waimea, Kauai, HI	Ref	Hawaii	5.416143	20	22.08573716	-159.5688692	HI	yes	68	57	20
16068000	EB of NF Wailua River nr Lihue, Kauai, HI	Ref	Hawaii	16.17718	20	22.0687665	-159.4152575	HI	yes	94	60	20
16071500	Left Branch Opaekaa Str nr Kapaa, Kauai, HI	Ref	Hawaii	1.941863	20	22.07569977	-159.3958134	HI	yes	49	49	20
16097500	Halaulani Str at alt 400 ft nr Kilauea, Kauai, HI	Ref	Hawaii	3.11881	20	22.17838209	-159.4185902	HI	yes	51	51	20
16108000	Wainiha River nr Hanalei, Kauai, HI	Ref	Hawaii	27.07244	20	22.13570783	-159.5577568	HI	yes	54	54	20
16200000	NF Kaukonahua Str abv RB, nr Wahiawa, Oahu, HI	Ref	Hawaii	3.564028	20	21.51627778	-157.9453056	HI	yes	86	52	20
16229000	Kalihi Str nr Honolulu, Oahu, HI	Ref	Hawaii	6.636459	20	21.36349907	-157.8442	HI	yes	95	60	20
16345000	Opaeula Str nr Wahiawa, Oahu, HI	Ref	Hawaii	7.786944	20	21.56233333	-158.00025	HI	yes	50	50	20
16400000	Halawa Stream near Halawa, Molokai, HI	Ref	Hawaii	12.11683	20	21.1555	-156.7619722	HI	yes	84	60	20
16508000	Hanawi Stream near Nahiku, Maui, HI	Ref	Hawaii	9.271872	20	20.8068611	-156.1142222	HI	yes	87	60	20
16518000	West Wailuaiki Stream near Keanae, Maui, HI	Ref	Hawaii	9.40517	20	20.81769444	-156.1410278	HI	yes	89	60	20
16587000	Honopou Stream near Huelo, Maui, HI	Ref	Hawaii	1.519972	20	20.88567925	-156.252743	HI	yes	98	60	20
16717000	HONOLII STREAM NR PAPAIKOU	Ref	Hawaii	31.09179	20	19.763625	-155.1516748	HI	yes	43	42	20
16720000	Kawainui Stream nr Kamuela, HI	Ref	Hawaii	3.971571	20	20.08533333	-155.6811667	HI	yes	45	45	20
50025155	RIO SALIENTE AT COABEY NR JAYUYA, PR	Ref	PuertoRico	24.036	21	18.21134544	-66.5632282	PR	yes	20	20	20
50034000	RIO BAUTA NR OROCOVIS, PR	Ref	PuertoRico	43.36622	21	18.2341222	-66.45461569	PR	yes	33	33	20
50050900	RIO GRANDE DE LOIZA AT QUEBRADA ARENAS, PR	Ref	PuertoRico	15.55132	21	18.11746097	-65.9890528	PR	yes	32	32	20
50063440	QUEBRADA SONADORA NR EL VERDE, PR	Ref	PuertoRico	2.640616	21	18.32134112	-65.8171077	PR	yes	26	26	20
50063800	RIO ESPIRITU SANTO NR RIO GRANDE, PR	Ref	PuertoRico	22.4059	21	18.35828377	-65.813219	PR	yes	43	43	20
50065500	RIO MAMEYES NR SABANA, PR	Ref	PuertoRico	17.60937	21	18.32745262	-65.7507181	PR	yes	32	32	20
50092000	RIO GRANDE DE PATILLAS NR PATILLAS, PR	Ref	PuertoRico	47.58625	21	18.03246444	-66.0323866	PR	yes	22	22	20
50100450	RIO MAJADA AT LA PLENA, PR	Ref	PuertoRico	42.529	21	18.04246333	-66.20711159	PR	yes	21	21	20
50108000	RIO DESCALABRADO NR LOS LLANOS, PR	Ref	PuertoRico	33.30861	21	18.05024082	-66.4257263	PR	yes	27	27	20
50110900	RIO TOA VACA ABV LAGO TOA VACA, PR	Ref	PuertoRico	36.871	21	18.12496014	-66.45628257	PR	yes	20	20	20
50113800	RIO CERRILLOS ABV LAGO CERRILLOS NR PONCE, PR	Ref	PuertoRico	30.719	21	18.1149608	-66.6043395	PR	yes	20	20	20
208111310	CASHIE RIVER AT SR1257 NEAR WINDSOR, NC	Ref	SECstPlain	288.4779	3	36.04777778	-76.9841667	NC	yes	22	22	20
02096846	CANE CREEK NEAR ORANGE GROVE, NC	Ref	SEPlains	19.5696	03	35.987222	-79.206111	NC	yes	20	20	20
02427250	PINE BARREN CREEK NEAR SNOW HILL, AL.	Ref	SEPlains	675.2439	03	31.996258	-87.068319	AL	yes	20	20	20
03338780	NORTH FORK VERMILION RIVER NEAR BISMARCK, IL	Ref	CntlPlains	691.5555	05	40.265314	-87.642799	IL	yes	21	21	20
0344894205	NORTH FORK SWANNANOA RIVER NEAR WALKERTOWN, NC	Ref	EastHghlnds	38.6046	06	35.683333	-82.333056	NC	yes	20	20	20
03597590	WARTRACE CREEK BELOW COUNTY ROAD AT WARTRACE, TN	Ref	SEPlains	92.943	06	35.527295	-86.340271	TN	yes	20	20	20
05592575	HICKORY CREEK NEAR BROWNSTOWN, IL	Ref	SEPlains	115.2504	07	38.93699	-88.952838	IL	yes	21	21	20
06440200	SOUTH FORK BAD R NEAR COTTONWOOD,SD	Ref	WestPlains	649.1916	10U	43.968879	-101.76709	SD	yes	21	21	20
06623800	ENCAMPMENT RIVER AB HOG PARK CR, NR ENCAMPMENT, WY	Ref	WestMnts	187.6617	10L	41.0235791	-106.824766	WY	yes	45	45	20
07263295	Maumelle River at Williams Junction, AR	Ref	EastHghlnds	119.0277	11	34.876201	-92.774612	AR	yes	20	20	20
07362587	Alum Fork Saline River near Reform, AR	Ref	EastHghlnds	69.7725	08	34.797591	-92.933507	AR	yes	20	20	20
09423350	CARUTHERS C NR IVANPAH CA	Ref	WestXeric	2.2428	15	35.244989	-115.298876	CA	yes	45	45	20
10205030	SALINA CREEK NEAR EMERY, UT	Ref	WestMnts	134.5977	16	38.911914	-111.530465	UT	yes	46	46	20
